product_id,name,category,price,stock
a45a99c5-4cd3-4ca7-94fc-15b944006a25,Notebook 150,eletrônicos,-5684.97,137
133b3dba-9166-48b2-b114-f7f1a1425229,Tênis 985,moda,513.32,138
9c68cf87-db77-4205-abf5-365f7f4dc177,Notebook 764,eletrônicos,6075.12,16
9c5942f0-77ac-48af-9df9-6aa516860ccf,História 415,livros,55.05,130
0f07bd90-ccb4-43af-b92b-c18e86066a5b,Mochila 283,esportes,243.74,144
67aa2382-ecac-4c6c-b0e9-683e374422fb,Boné 618,moda,52.94,43
84edfef7-af93-4fb6-88e2-78d0d6833937,Bola 917,esportes,82.24,61
5a49b8d2-4d2b-46aa-aeb7-5a06306b2e2e,Camiseta 567,moda,94.76,125
b1bbc0ae-f4d6-4ca4-855f-035e85b68618,Autoajuda 831,livros,47.49,41
e002d28b-4c13-4f69-bb3e-a9ac8c179b0b,Smartphone 110,eletrônicos,1430.91,8
976e385c-9fdb-473c-ad12-22329338dd47,Lâmpada 967,casa,69.6,66
48c8c2f7-9a63-483b-86b3-5eee863dc53f,Mochila 126,esportes,117.16,122
783d2759-17e3-4635-90cc-8d9da149ace1,Livro Técnico 500,livros,91.79,41
d3a2fd68-437d-4726-8c44-f353b1987c8c,Skate 191,esportes,759.46,14
ee28a84f-7d2a-4f9e-9419-2d8ca5349892,Tênis de Corrida 333,esportes,337.92,26
db5d6518-dc2b-4bc6-ab84-c11c77e7c4e4,Boné 196,moda,74.45,108
ec4aad2d-3c3d-43d7-b071-26748853d262,Tênis 670,moda,517.64,59
be35bfae-9588-43f3-a461-480460a893f0,Cadeira 821,casa,171.38,46
4584395a-0288-4f22-b10d-2c743e938d67,Jaqueta 646,moda,205.13,46
fdd610ee-d474-4ce8-a6aa-10543efe0bc4,Autoajuda 125,livros,82.24,140
919ab547-295d-4d68-80e0-6a5c95d19a6c,Camiseta 792,moda,82.47,31
0a6dd3a6-e94f-4a01-84d2-e04acccbbe62,Lâmpada 907,casa,23.54,63
e3901744-4155-48e2-91bb-014e8c478c68,Liquidificador 663,casa,355.59,43
7c3bab11-862c-45e2-b554-14fe513dac86,Caixa de Som 723,eletrônicos,693.16,29
300d0be7-0c5b-4b12-a10d-fd084cf6dea8,Livro Técnico 447,livros,177.01,132
8f87c904-c7e2-4f16-bb9f-99017b409c1a,Calça Jeans 118,moda,114.01,133
8f0d64a9-f47f-4f8f-a49f-2dfcba3a8ba4,Lâmpada 394,casa,17.89,1
839378d3-5bcf-4b11-b0af-dd5d69ca832d,Caixa de Som 187,eletrônicos,250.17,112
4dc9cacf-1e11-4a90-906c-a6640081518d,Liquidificador 995,casa,135.77,25
1e747aba-ae56-463a-ba4d-06539f07113d,Tênis de Corrida 706,esportes,418.48,90
f4588965-8c62-4336-b73c-e33d14e3d8ef,Calça Jeans 189,moda,242.97,96
6ec1720b-b9e6-431c-818a-89dffa04e91f,Tênis 240,moda,202.68,10
3ae65b71-90c1-444b-b73e-9f7519c76ca1,Smartphone 157,eletrônicos,1251.09,31
a2931036-4a2c-4f68-8ae5-6aed5d258f38,Smart TV 952,eletrônicos,3208.23,62
7590c109-2e0a-44d7-b119-d1030b04fc3d,Camiseta 969,moda,64.61,7
700e0e80-1973-42e8-afee-7553caee88eb,Bola 990,esportes,177.4,28
67860bc5-13fd-4d34-b67f-3f21833f8567,Livro Técnico 212,livros,66.79,119
82964f32-2ceb-481f-998b-6f514bf190b0,Livro Técnico 643,livros,76.16,125
cfdf24bd-cb94-4577-a878-c2f6ce74486c,História 303,livros,40.87,61
e7ba4eaf-f7a5-478d-bf9a-a092447d6665,Fone Bluetooth 681,eletrônicos,594.15,33
7c1f6104-1c57-434a-829d-f43a92a719bf,Smart TV 200,eletrônicos,3716.63,110
ac6018d7-39a0-49fd-bcf7-96395ac382e7,Tênis de Corrida 756,esportes,263.52,19
0b6f34dd-84cd-46d9-829d-c0539e49430a,Smart TV 116,eletrônicos,1865.84,38
ec6e387a-53d9-484c-9cf8-fba4d243e1c9,Bicicleta 322,esportes,,10
0cd658b0-aab0-45d0-bbc1-80e6cc5acdcb,Skate 421,esportes,613.43,46
224b5fb8-126a-47b3-802d-be0db245cb01,Fone Bluetooth 649,eletrônicos,385.52,127
55410696-6940-401c-b3e1-cd0fce3ccd1e,Panela 686,casa,96.46,1
18652ce0-b15a-406a-a1ce-bb3cf87aa465,Tênis de Corrida 620,esportes,504.09,102
60e0782c-8988-4801-9a02-3983c881dd1c,Infantil 765,livros,48.93,80
f0f65054-21db-4eec-9886-e4ce08a5f0fa,Autoajuda 879,livros,36.17,0
4f044390-ae85-44ab-aa5a-6a21127b6eec,Jaqueta 165,moda,110.91,50
c5c49c33-adcb-4404-8a16-19cedc557844,Fone Bluetooth 706,eletrônicos,722.08,10
4c86b6d1-136b-4ba8-acde-db8708b22ae7,Sofá 418,casa,2027.26,122
feb082d6-9582-4e4e-9e57-011f488fbcb3,Panela 732,casa,72.66,131
a4634eb1-9b0a-4c3e-8d3d-78b6b446e601,Bicicleta 653,esportes,2361.63,27
fc0f1077-d795-42b2-af14-60862dc63343,Bola 568,esportes,,110
d479a365-489f-4cbf-8a25-3949b24f4a57,Calça Jeans 437,moda,98.86,53
94562e6b-49b8-48f8-aee0-128c25f28f67,Liquidificador 615,casa,338.02,130
d132db84-4920-448f-9544-eabe12f36ee9,Smart TV 619,eletrônicos,2601.0,150
6700384e-7bb4-41c9-be3d-c19deedfd4bf,Calça Jeans 519,moda,191.88,96
4706a0c5-55b5-40c5-ae85-8c8d0ccdd4b5,Cadeira 528,casa,138.66,97
1d01e3c6-8a29-4ab0-8389-1d7c99760399,Skate 844,esportes,596.49,53
5d57858a-df3c-4076-8c69-c66e8a339e9f,Notebook 182,eletrônicos,2558.18,146
76930502-5f75-449e-a26b-c6c1b6cf004a,História 367,livros,57.23,77
7e652a9e-1a11-4da5-a62c-e1a3b87d316a,História 661,livros,74.32,82
9c892184-8815-4229-a9e7-ddd41129b041,Caixa de Som 760,eletrônicos,397.86,145
a73b0229-c1f1-4eb6-b656-c7d1b38163b5,Panela 642,casa,272.82,136
5aa495c6-c690-48bf-bda7-23fc5fec0ef8,Boné 262,moda,36.36,99
72d1965e-2781-4c9b-9e7a-1f0f41734db0,Calça Jeans 697,moda,229.75,145
a229fd73-82ca-44e7-a3de-ed539a971de6,Livro Técnico 493,livros,141.12,2
8e36d469-2436-4cd9-8d2a-b069edecca05,Calça Jeans 517,moda,148.59,128
fbde11c2-4e67-41c2-84ff-d74388f29691,Bola 943,esportes,170.22,56
64db7257-e0cb-42ac-ad8f-2e7f6bdc2305,Boné 850,moda,30.31,131
af09a6e6-801f-45ef-bf4b-8affa3b46cee,Liquidificador 850,casa,,45
60bd9710-e326-46ab-9d74-e344362ae4f5,História 227,livros,76.96,119
73c41c42-37f3-4ebc-a4c9-b662b91e5a01,Caixa de Som 166,eletrônicos,528.02,22
c9171df3-2bde-4642-afbb-38d56f72c26f,Panela 431,casa,113.07,107
508281fb-2442-41b3-a8ae-0d5c6b3c7660,Cadeira 548,casa,431.68,105
e67fdbae-4d18-4812-8b09-b04029c5435f,Tênis de Corrida 854,esportes,211.91,72
63c2f572-7026-42a3-ac75-060abaa6dc57,Smart TV 345,eletrônicos,3159.07,104
a8325f74-3264-41b1-a017-a22131863872,Cadeira 537,casa,420.18,70
f6814837-b4b7-4411-9bb2-58a188c5789b,Tênis 844,moda,269.77,70
789dcafe-8a40-4221-a5bb-fe6ee21a4d3f,Notebook 891,eletrônicos,4535.46,88
4abc3ab0-d964-4766-b2b9-5884a2cd95ee,Notebook 114,eletrônicos,4843.85,122
af3747ca-84f8-4523-a76e-0c63594400c7,Liquidificador 432,casa,354.55,117
e7a494da-62e5-4419-85c1-ce6d7fc11571,Livro Técnico 122,livros,137.96,8
c3d94ef3-4bc2-4d33-9ea9-b25a84d99395,Infantil 104,livros,58.66,116
8af8fbc9-a72e-4280-9c5a-5e8f0a193c28,Boné 226,moda,57.31,24
e808bc96-4b3c-4d1b-8a12-6859d6ee06eb,Bola 379,esportes,139.77,145
c2119b59-84ab-4401-902f-7f85dc6395ab,Tênis 714,moda,251.93,114
2a3d2ceb-60a3-4e60-bd1f-30f82ef94490,Panela 329,casa,137.55,88
6f72ffa1-150f-4633-8917-92f4caa13d54,Cadeira 321,casa,355.67,36
c4bd0560-fb40-4d1c-85f3-8d01cae40b32,Caixa de Som 865,eletrônicos,354.99,31
6b0b0bf8-692d-42c9-9b8c-42060b9c4be2,História 135,livros,67.75,40
8fa9b746-b242-4df1-a330-80191d6107b5,Skate 468,esportes,,41
c08f4d90-49de-4d89-9270-f6031d88b619,Bola 175,esportes,118.96,60
18c1e4f1-29b0-414e-aef4-20782aa4efc0,História 145,livros,55.22,95
ba74d723-7920-4dfd-8bf1-5674dbc0d838,Romance 619,livros,51.36,76
d212c248-4c33-4ac1-95d7-89e228b93f05,Calça Jeans 987,moda,184.58,107
16bc2f08-79e7-4193-b752-e3e6d7cabe3e,Fone Bluetooth 830,eletrônicos,-474.44,9
9da73bce-0577-47c0-b73d-70cb123bd965,Tênis 279,moda,345.6,71
f84a772b-a6ec-4c1f-8475-3c524f4e0dd2,Camiseta 800,moda,54.86,26
e536e7c8-7282-4640-b03d-0bc66b35da14,Livro Técnico 372,livros,144.55,113
a55f201e-9d72-43f1-a805-8be7ae959e55,Livro Técnico 857,livros,145.66,138
4d9659b4-c0f3-4d95-bb02-20824c013f15,Tênis 444,moda,557.69,72
62b1d2c5-fb75-4cee-acab-3014218f2789,Romance 440,livros,62.83,62
4f5efbf1-a82c-46c7-a220-e12509c5f4f0,Fone Bluetooth 260,eletrônicos,746.19,97
cef5404b-08f6-4044-8b57-0fcc67fdefef,Liquidificador 740,casa,296.97,112
d50be06a-a6a9-41e9-a2fb-206a96abf4fd,Livro Técnico 810,livros,142.22,97
77e17476-69b7-46b2-b205-4cee24930bae,Camiseta 336,moda,96.07,34
50e5a291-1472-4c56-960c-7050ebfdd493,Lâmpada 410,casa,17.17,59
a5a90b4b-71d9-4eb1-8cd8-250310614156,Notebook 291,eletrônicos,4830.84,86
5c9f50d1-2791-43ba-a043-022ce4a5480a,Liquidificador 438,casa,191.34,93
472f809d-5c43-44c3-bf17-1ac21f6edfbb,Jaqueta 633,moda,390.77,6
ef4d0e9d-d701-4c99-b958-87f64d1b89ac,Boné 589,moda,74.41,74
f1d785ba-1a2f-442a-8ce5-9df69a8819d2,Jaqueta 462,moda,172.3,80
a589b7ff-df7d-41a6-83bd-c73cb867d6a5,Infantil 772,livros,39.91,16
c26a2974-7dfd-4c32-a778-49d960b13598,Autoajuda 361,livros,62.58,129
5855302f-4630-4e23-8f7c-bd5b20f11226,Fone Bluetooth 519,eletrônicos,627.25,76
c071b1b9-d5e6-4ab3-ad88-f0bbc5cb0349,Smart TV 737,eletrônicos,3819.61,4
df05422c-7649-43c7-ae5f-1177c2d504a9,Sofá 405,casa,2128.95,32
7681b11a-f527-49bd-9a33-f359093ab69a,Camiseta 690,moda,94.85,5
876b989a-5012-4721-a916-cece9c06744a,Skate 810,esportes,560.91,141
09028f86-4f2f-4379-a55e-76e27494a427,Livro Técnico 868,livros,60.18,80
7f0ca28f-9986-4a93-aae6-b4013dbe4f18,Cadeira 801,casa,281.41,97
5387e49d-b48b-4ed6-a7e3-5824971a2493,Caixa de Som 574,eletrônicos,504.7,15
706a14ca-51dd-4fdd-963f-7dc23d3dfb4e,Jaqueta 208,moda,288.66,108
6afeaaf1-69e5-44d7-8384-aee4633a5eab,Calça Jeans 457,moda,142.74,47
43b0f0dc-cdd6-4f4b-8062-a8dcda5f3a4d,Livro Técnico 253,livros,76.77,78
7208302e-fdd3-4ddc-9a49-f319381878a4,Tênis de Corrida 651,esportes,322.21,144
b4ee86b6-65b0-42fc-acc9-585053e0b306,Infantil 232,livros,44.49,138
aba629bc-3818-4bf7-b282-c65fa81defb8,Liquidificador 494,casa,371.7,128
76fed029-f365-433a-ab2a-2b0e947acfa0,Notebook 388,eletrônicos,2519.48,150
fa7fda19-4e59-42b1-982f-74ed2567f6cd,Livro Técnico 143,livros,89.15,51
e069fc15-65c2-455f-b165-f678cda5f71b,Panela 929,casa,87.02,90
bb6a8fc2-3f12-4ece-9608-88859de9c6a9,Panela 110,casa,293.58,72
c43623cc-9c3f-4f37-aa62-2ade79bb7800,Bicicleta 148,esportes,2251.57,49
9ea0ef56-6e9b-4098-acf6-0053a5bcd214,Tênis 309,moda,315.84,64
5b06ba4d-7d2b-41c9-9fe0-11f749f56eec,Camiseta 680,moda,77.43,84
38d662c4-c1d4-4693-ac14-1e40d6eff1c6,Smart TV 182,eletrônicos,3203.31,0
c50b4587-d625-4746-b80a-7a9388236f96,Sofá 884,casa,2361.1,126
b875872a-b197-4ec5-933e-1e80ea53bc89,Skate 933,esportes,720.17,98
7609b295-d1d4-4c58-894e-383cf08f8b21,Livro Técnico 151,livros,169.83,149
479edb11-5d27-4f28-a7fd-d370b93612c5,Mochila 668,esportes,134.52,140
df19c6d7-c364-42ff-b718-57fc0bef3660,Romance 795,livros,72.61,79
02243d34-bcf6-40ad-b737-2cb237178c99,Infantil 693,livros,26.83,81
42f1ed2a-6042-4be1-8a71-1a735dee315e,Tênis de Corrida 662,esportes,461.42,132
ab700dab-6cd5-4aec-8195-05bc474163d9,Autoajuda 500,livros,72.94,66
ce697b33-9424-4783-9bdc-0b10005a05b2,Smart TV 745,eletrônicos,-4129.07,9
5acd1d0f-a092-43d4-9ab6-d453e9b0f3c3,Caixa de Som 827,eletrônicos,670.63,12
d4ee6ddb-9331-4e1d-ae97-9aade21928ba,Skate 839,esportes,319.94,104
ab631a08-6a93-40c0-b08a-f46759cb5b32,Lâmpada 837,casa,60.94,147
43e145e0-091e-43b2-bd76-b026fe0054f0,Calça Jeans 786,moda,232.45,23
d87cdd7b-ca74-4190-be10-2c8dd0db33df,Lâmpada 385,casa,53.88,90
65ffee67-bbf9-409a-8f68-69cd83d22099,Liquidificador 542,casa,154.84,4
a418b66c-c2e6-46bd-86e8-075e1d0f1758,Smartphone 881,eletrônicos,1568.85,30
260de39e-eda7-40a6-a0b7-4605567158fb,Autoajuda 224,livros,44.58,98
7e427b7c-fe43-43ea-8e06-da3cde42865e,Calça Jeans 462,moda,121.83,148
3a1df349-e067-490d-a39a-eaec8d7198b2,Panela 682,casa,172.05,134
d2d3f0a5-1660-4ec6-a2b9-e899ae11f44a,Cadeira 198,casa,121.55,138
344a4645-4006-4a43-9b8c-56f9d0b775b4,Panela 386,casa,148.67,140
3fd9efb0-df00-41e2-bc3e-92b75f0622bf,Romance 462,livros,31.28,46
11b0cfe3-ab1e-4a12-9774-690331864184,Camiseta 398,moda,59.19,119
4b053a56-aef1-4f19-b66c-416a96602c76,Autoajuda 925,livros,58.5,66
af5c6fa8-4e17-49ca-9eff-8e962fd0a73e,Boné 526,moda,76.3,55
97f0fe2a-f11a-4e74-b49e-1c2bb38cee81,Calça Jeans 566,moda,128.46,84
90ca44e6-652a-4358-a6d9-30c0c371aacd,Skate 719,esportes,570.22,97
f24ffb6d-7a59-4fca-bf88-6950d7fae366,Fone Bluetooth 667,eletrônicos,294.81,84
9857905c-df7f-49a2-a3f3-6f06e716e18b,Livro Técnico 171,livros,116.08,74
52495721-bf94-4617-b12e-2a8101f447db,Smartphone 281,eletrônicos,2000.36,82
cf623d1a-9b02-4abc-8f01-b5a0c09181ac,Tênis 293,moda,527.89,148
18716dd4-4dba-4718-a523-6213c835afa9,Lâmpada 730,casa,29.95,41
e66503d1-342d-46ed-979a-db59bfbb7135,Caixa de Som 629,eletrônicos,459.46,21
9e647fa9-f99b-4fbd-84c2-d1a701e65483,Bola 748,esportes,199.95,133
7e670bcd-7b0a-485b-bce4-02475ec7c608,Tênis 851,moda,272.85,1
117b9327-969b-4823-9386-177ebbf8d15f,Tênis 545,moda,364.62,43
970a2d5f-cadf-457a-a6cc-057922d69e07,Smart TV 647,eletrônicos,3044.25,91
7462db22-cef3-4d1f-9c7f-4b6c93710407,Sofá 582,casa,2875.22,150
27c65a2c-e4f7-4f9f-944a-d368c2784d13,Liquidificador 889,casa,133.23,46
2d153dde-7e7d-4094-b0e6-d7c57b606742,Sofá 427,casa,2380.6,39
6b1b6d17-2aff-46a8-b73d-4c660bac68ab,Cadeira 275,casa,542.65,12
8bfb6401-6b00-4c72-b8f8-46dca9ef7f90,Liquidificador 874,casa,191.69,134
e463bf83-a3b7-4639-ac33-dda23d49cdc2,Panela 175,casa,117.22,45
8bf310b9-f25d-47d8-b190-e2ae1fd5f568,Liquidificador 463,casa,216.45,55
cb16912c-457c-46b5-911c-425c02c10b13,Infantil 367,livros,36.57,9
0e8fd50e-1c54-4ea9-aae0-89a818355549,Caixa de Som 620,eletrônicos,483.49,70
1685e31f-2572-4fff-b694-d5907822f18c,Sofá 572,casa,2785.73,0
52eb6b5d-89a8-4af8-a08d-ed58faa4c2ec,Mochila 919,esportes,189.95,69
44998dd1-08a7-4c00-aab2-3b6922393e05,Camiseta 982,moda,75.96,32
5f917f75-9d3e-44e8-b302-debe12fc7282,Liquidificador 217,casa,263.7,55
be044203-7943-4e0f-95d1-30a588beb8c7,Tênis de Corrida 155,esportes,201.74,33
5152874f-cfdb-4287-ad31-5798fc803050,Boné 611,moda,44.76,102
95690fe8-01a6-456e-82f7-1228a4a42875,Mochila 667,esportes,292.99,69
693ef0d3-1d5f-419c-a2ff-041be9229a44,Boné 186,moda,55.48,38
aac408fa-8907-4a47-9f93-6349fad2af90,Tênis de Corrida 610,esportes,299.5,55
3f21b7a9-6d77-48f3-b86b-7eebcc292eb9,Bicicleta 595,esportes,1787.63,82
bce1ddb6-4dfc-4d91-ae76-5884f864e845,História 714,livros,-98.79,29
b6e1c777-eb34-4fb7-8659-ed61b8bca2b2,Jaqueta 621,moda,381.14,94
6a8150ed-9b6c-4250-8742-dbe601cdf1f5,Bola 438,esportes,76.31,89
383df921-fa8b-4337-ab1c-c61f61bec350,Bola 841,esportes,131.78,93
0483374c-4648-4ce8-b108-cada1d61734b,Infantil 490,livros,31.69,20
4d357138-7158-45c0-8116-3f570fa33bef,História 555,livros,78.21,48
b141ee31-cead-4ee2-b781-17e0abd719c8,Jaqueta 977,moda,316.1,62
a95c9a6e-1a8c-47b8-9f42-85e3924fc92e,Mochila 504,esportes,185.39,86
c9916aba-a0ae-4e2a-9cb9-ab0a6a0d5fb2,Tênis 779,moda,-275.84,118
7f71642c-4d33-436b-b219-146d903e6dea,Camiseta 946,moda,74.18,79
d109158b-6be6-47c7-abb3-62baa33f0596,Lâmpada 529,casa,41.47,55
dbdf6678-578c-488d-9f34-320180bea469,Infantil 425,livros,47.17,113
de5bba44-63a2-40bb-9a2b-4267bd4f61d9,Jaqueta 988,moda,140.99,19
8369b1c6-dad6-480e-9d3a-4b8e5ad23d1e,Bola 736,esportes,,59
025a37c4-704a-44cb-92dd-8b9367874326,Caixa de Som 395,eletrônicos,851.62,40
ea150f73-a0f4-4241-81ad-eaf88661918a,Bola 999,esportes,,69
03dd52f2-4669-440d-9d1d-c584efb98316,Tênis de Corrida 588,esportes,402.69,126
2301f5ac-86d4-4fe6-b593-27cca25bbed4,Notebook 566,eletrônicos,5156.77,81
f8dfd297-314d-454b-9934-a99f54120693,Caixa de Som 793,eletrônicos,579.08,91
5b1450ab-f3ef-4267-8162-366eb77b53f6,Smart TV 486,eletrônicos,4080.74,21
c3fbf00e-9e6a-4530-a03c-97f8401f1003,Mochila 339,esportes,207.27,42
ee05e776-8212-46b1-9ace-4e767fcb8123,Bola 933,esportes,155.19,13
831d0ab5-cc87-4d5d-9a49-9603463620d2,Jaqueta 570,moda,-325.91,114
bac8dd2c-368b-46a6-bcdf-a7aaf252a70b,Calça Jeans 205,moda,176.08,107
0536feec-d5fe-4fa7-89da-16ecce058afa,Cadeira 156,casa,167.67,40
57ba2a68-21be-46d6-87ca-642fa0b68ef1,Liquidificador 542,casa,379.85,32
84c1c3f9-4443-4035-abe6-ac61260eb753,Caixa de Som 436,eletrônicos,841.82,17
48cbf874-1f11-4208-bf07-b35ede629ba8,Autoajuda 994,livros,85.22,119
92dce48f-628f-4bb3-a7bb-bc0ec8611294,Infantil 289,livros,58.0,142
3f86dee5-9a02-4450-89c8-9f1b19287669,Jaqueta 912,moda,380.79,30
017d36e6-3fb6-4251-9bb1-6c747912aafa,Calça Jeans 697,moda,213.92,142
42b50e7a-9baa-416a-8d79-098a09d80b9e,Panela 576,casa,103.68,84
6a5e9a9d-2d92-419f-9d13-00e24af46a2c,Fone Bluetooth 293,eletrônicos,381.63,60
28d2d94a-5232-48d8-a3d4-3de0c7ef60ef,Tênis 158,moda,289.41,130
0e503c33-f44f-48ac-9a1e-65d25cc33df8,Notebook 191,eletrônicos,4374.64,103
fd428274-3d27-477a-9386-9f6994d15a90,Autoajuda 435,livros,73.11,128
b5a5f0da-5e64-4b54-acfd-4aa642f92913,Bola 519,esportes,66.21,30
331bd16e-44e8-40ca-971e-85e45ad1ad16,Autoajuda 115,livros,-69.47,60
9d3b8657-45b8-4b0a-a534-135de8dbd3ae,Jaqueta 762,moda,351.82,93
f40e9754-4e9c-46cc-8604-b33304e53b84,Bola 888,esportes,146.08,30
09374dc4-0270-4b49-8434-9ee905c27873,Cadeira 361,casa,157.66,56
e770c31c-9171-4245-be42-d24983515b51,Calça Jeans 696,moda,114.51,99
e9e6eaf9-0a81-4bd4-a966-39d4f091ea65,Smart TV 477,eletrônicos,2048.61,1
f1a5564e-80cb-4b4d-99cd-e1eead9b2b01,Livro Técnico 919,livros,85.43,50
76496510-70fe-4835-80c1-e72962bfcfd2,Cadeira 204,casa,519.58,135
c8b59e5c-6a36-412a-966f-8aa3ad2e681d,Fone Bluetooth 241,eletrônicos,525.05,122
47b21d80-5b3b-4325-9a23-dc7101dff1d4,Autoajuda 697,livros,39.08,123
ae4eaf3f-98f0-4702-a777-9a872ad16213,Infantil 120,livros,50.83,1
9f573c05-6107-4e58-b1c2-be5608d1bd89,Camiseta 620,moda,112.27,56
fe2a985f-250d-4465-9752-f9224aa8843e,Livro Técnico 157,livros,69.15,80
78acc94e-9015-46d3-aaaf-3f312f8eef1b,Caixa de Som 560,eletrônicos,339.47,15
2eea2540-7a02-4de0-87c6-5c9ac48a195b,Infantil 984,livros,50.79,11
41ebf60b-c896-4c73-8740-8235c6004a27,Caixa de Som 801,eletrônicos,656.2,129
4f656369-acff-4e73-91c0-adf8c2d5e8a7,Boné 515,moda,76.02,17
6e0168a8-2aa9-45e9-9e33-8830f4502fcd,Smartphone 458,eletrônicos,1063.76,10
a05d3cfc-6f66-4778-8760-46fcbf4bf017,Bola 200,esportes,90.51,16
b3df5367-5fb4-4ca7-93dd-404862222a5d,Smartphone 137,eletrônicos,2047.27,103
8ab2e943-f412-4071-9343-b8e101d238b3,Bicicleta 966,esportes,2298.91,9
e648c52e-bb73-465f-93de-f40ad8765220,Tênis 328,moda,413.09,103
2eddb46f-a8d7-46c1-a05a-bc199b52dca5,Skate 702,esportes,777.32,135
9033b0a7-5b93-4f55-959b-a36770062e40,História 549,livros,88.91,39
3cc7382d-1261-4272-a31d-60a7aa1ede08,Infantil 431,livros,32.25,106
20c459b0-eb2d-48a9-8082-76017efe77bd,Tênis de Corrida 507,esportes,381.95,109
23e145f0-1376-4ede-8a81-6efbc2519acb,Mochila 572,esportes,110.43,72
b0cd76a4-42f9-4f33-a982-ab15a873aa09,Tênis de Corrida 401,esportes,338.21,132
8c9d89d3-2423-4936-bfa6-94d951777d59,Tênis de Corrida 441,esportes,326.54,44
1dd1afed-59f8-46e8-b06c-757d7fe70e19,Liquidificador 703,casa,336.79,41
fca63297-318d-403a-8425-1ed5625b4e57,Smart TV 660,eletrônicos,3515.99,84
81c49f0f-3608-4105-ac88-2b926b220be5,Notebook 756,eletrônicos,,56
2387cc51-42f6-4dea-b4da-37eef9fece77,Notebook 978,eletrônicos,5826.86,86
0e0694d6-1668-45bb-8772-11628f9ae73f,Skate 194,esportes,660.34,128
0a681f61-3455-4596-8892-c705b923c5ac,Tênis 780,moda,498.87,73
195a85a8-ef5b-4e9f-bd96-7ae8cb9f92ba,Tênis de Corrida 418,esportes,325.25,98
89d49652-b079-4bfb-9e69-3c76b42a2b59,Tênis 865,moda,167.95,109
5185408d-baa7-4023-9871-50913a4ae65a,Mochila 626,esportes,165.11,49
ed83ff33-ebf0-4c69-8302-1738792cf812,Bola 682,esportes,,143
c8485793-fa33-4e53-b771-e4f456233c27,Jaqueta 634,moda,299.91,144
8e4c6aa3-b3b1-4538-9206-630f47e30437,Infantil 163,livros,40.2,97
3f87193e-4a69-405b-bb39-b6d404c97013,Boné 783,moda,37.31,74
d679ebb4-c987-4233-86a4-a5daabd063a4,Jaqueta 747,moda,293.25,132
53cbbdab-b574-4a7e-8689-e5278882570c,Cadeira 455,casa,177.34,89
d8f4a93e-0694-444b-9373-a5b4ad7d8e6e,Livro Técnico 911,livros,99.12,19
a9ec4e9e-0e68-4a2c-9d86-4cdbf8f22a4c,Notebook 114,eletrônicos,5881.95,15
a367f7ae-81a1-48d4-a5af-b08d314ef161,Calça Jeans 561,moda,179.7,81
eb5ff8cb-a27e-473e-a1ac-e3581939bfa7,Boné 696,moda,47.04,83
2b11c6cc-9e22-4462-8fac-6d4793346e63,Notebook 651,eletrônicos,6186.55,85
36b1d416-9060-49b8-be72-dfa42341ebdc,Calça Jeans 402,moda,88.05,102
515027be-55f1-4f91-98c9-034d74425695,Livro Técnico 132,livros,83.91,109
18bab411-82bf-4b91-9cc4-1a916ca3d349,Fone Bluetooth 177,eletrônicos,258.13,116
ab664204-b376-4a5a-8344-bc078904fe3f,Notebook 442,eletrônicos,,146
fe37e0af-9552-4d2d-98ac-ea8bfe734db4,Cadeira 327,casa,149.57,41
ed908280-2975-4ba1-97f1-1d998536d321,Tênis 898,moda,500.98,11
f0b1e536-5c95-427d-a7ed-a0d5303e2808,Fone Bluetooth 341,eletrônicos,122.56,18
6b7a0563-4742-4b3c-b292-c8cd073785a9,Boné 161,moda,54.22,63
1f281a14-b75c-4807-a77e-2a1bd3fffb96,Tênis 983,moda,385.19,142
139765f0-26b3-470d-8048-1a4ff467a4a8,Jaqueta 568,moda,323.55,33
07401deb-9ca9-4fc3-bddc-6afbdf8b96d0,Cadeira 803,casa,,21
11927562-7b06-4f48-8122-9566b22f0abf,História 827,livros,79.61,22
6d812e42-f981-4b8f-8040-5993344c3f5a,Romance 843,livros,79.77,93
4f9ee48e-9dea-4aaf-8c82-7123eb3329f5,Romance 875,livros,37.57,80
93c185d7-58c9-438a-91d6-87e4808f2328,Bola 401,esportes,82.32,117
e810a39e-87b4-4858-85b7-9ce655b5865b,Panela 564,casa,264.48,18
8bde89b2-6a66-4247-bb42-aa59e8e25901,Lâmpada 408,casa,59.18,105
e4a1079a-e980-49c7-94e6-da46e483a26a,Smartphone 823,eletrônicos,,110
63a36333-a098-46aa-a856-1a1527081269,Tênis de Corrida 625,esportes,289.54,136
a04d41f7-af2c-4391-b446-e0aaab9b37b3,Caixa de Som 953,eletrônicos,675.38,142
fe4ce609-2621-48d9-9f4e-835c5d90df3e,Livro Técnico 654,livros,129.45,42
2d1f97d8-607b-4389-af28-610d11059ab7,Panela 887,casa,273.61,22
435b2062-bb37-49fd-b90d-2f66958ee565,Skate 907,esportes,748.26,67
756a904d-0690-48db-99d4-64d7b6b6018a,Liquidificador 858,casa,169.05,121
09bdd81b-7ffc-4aa3-bc9b-5d31e2633d30,Smart TV 539,eletrônicos,3642.85,16
03850648-8cb1-44a0-ad89-eafa71612418,Smartphone 538,eletrônicos,2619.03,128
422460e9-dd2d-4686-ba6c-4393c46f48eb,Bicicleta 642,esportes,1370.82,103
119337df-48c9-445a-bfb8-7025eaff956d,Bola 724,esportes,130.84,70
c271b6e1-705b-464f-9b6d-c20b26200190,Mochila 101,esportes,,102
73d2bdaf-e161-4d4e-8d93-7d08e6447abc,Smartphone 767,eletrônicos,2480.69,32
2efa3a48-789e-4700-8ab9-262c531a69cd,Smart TV 596,eletrônicos,-4975.76,114
fb78188d-29b4-49c9-ac9a-e77f2d943803,Jaqueta 724,moda,100.72,130
772ec678-1c9f-4547-8ce3-c2c6841a67fb,Lâmpada 230,casa,30.34,139
7e8612f7-42d9-4c24-80fa-4a47c1c368fc,Panela 346,casa,214.12,116
5087ec99-96d2-4e14-a02d-d6f5161a06d9,Cadeira 635,casa,125.74,108
3106ed73-8d09-4a15-a77c-e2952ba3976a,Bicicleta 269,esportes,2155.57,1
1e592ef1-f297-4b49-8659-e049c10d222a,Bicicleta 662,esportes,,86
bfc029a4-582e-4701-8636-f969b8d4e4a4,Caixa de Som 591,eletrônicos,859.62,3
30211ce5-d433-451f-a880-8f09cdb875ba,Infantil 563,livros,31.59,39
9d69255e-bf4b-475b-ac45-c8ca62c6e3a2,Livro Técnico 154,livros,173.78,131
513c6df4-1b3e-4dc3-9227-74d1732125d5,Panela 576,casa,123.16,17
58012cb6-c8db-4169-a759-3d02e4293fd6,Jaqueta 677,moda,314.38,88
290bfcba-4301-4953-b3db-807ace98c1bc,História 760,livros,114.66,124
f432ed90-084f-4c91-9b86-93f72db6775b,Mochila 200,esportes,238.27,2
c573f291-19c1-4221-82b2-31d645210b0a,Sofá 469,casa,2495.17,74
37ae80da-2294-43ce-8ccd-3bf9cef1c76d,Mochila 809,esportes,216.81,1
9f1dc453-e67f-4d07-8043-8d34d6fe194e,Lâmpada 712,casa,20.37,39
16b68508-4fa3-4699-a071-509b65bed7ff,Romance 394,livros,51.57,95
dab316cc-e2d9-45fe-af2f-94e228fceb11,Calça Jeans 401,moda,88.62,67
24e5e9ea-8211-454c-8aa0-b65c0d087aaf,Skate 892,esportes,602.43,56
7ca3e7ac-8cd5-4c8b-835d-629090afd8d6,Calça Jeans 273,moda,152.8,124
f8b6e752-f1eb-4dc1-89ab-f73788a219f6,Calça Jeans 189,moda,203.74,104
d37600c4-2e16-45c8-8cb5-ee6135300031,História 221,livros,82.42,29
b5b0f58e-b7d0-4196-99c1-e5ba73a74589,Jaqueta 407,moda,329.52,101
8e83e1d8-cbc2-49b1-b82f-013e4e986110,Boné 438,moda,32.3,3
3c6b429e-6fe9-4473-939d-a88bdf7723ed,Calça Jeans 687,moda,87.22,51
0d7c84ea-61b2-4817-be70-bb8700808108,Cadeira 856,casa,265.27,125
d1381d52-5c92-4e25-aa02-641c136ca66f,Mochila 267,esportes,164.89,94
6a6ab29f-f4ce-4e61-9a83-9d1e57e7a6a4,Sofá 875,casa,2914.63,65
d909fa37-d3b7-44f3-80f0-0a98f8f7ffc5,Caixa de Som 932,eletrônicos,297.7,92
07a5b431-d279-41f4-8591-f850c39657da,Bola 474,esportes,99.15,76
449584d0-9ddd-4bd6-a75f-05086df4a398,Tênis 507,moda,221.87,93
6185ddd9-690e-41d1-8136-501b20107e47,Jaqueta 779,moda,209.12,61
4f0d2177-d039-4d29-853b-741391628fee,Cadeira 322,casa,170.38,104
6797bd00-9dac-4c65-9b40-9d89c969594a,Caixa de Som 614,eletrônicos,366.66,86
d7feeed5-4946-4a41-b6b8-09b9e5ad0670,Romance 952,livros,74.66,54
d92c7359-4670-45a4-b5b9-30f29dee66c5,Caixa de Som 401,eletrônicos,712.2,118
ba48a978-4df5-4cc2-8442-512dd4619ada,Infantil 437,livros,25.73,44
044c4c22-2168-4fe7-bfee-1de11d42b77f,Caixa de Som 264,eletrônicos,303.76,86
b65eac94-5a87-433b-9706-866e191e81a2,Panela 833,casa,127.81,104
865ca226-0c84-4978-9868-7ad4274080a3,Livro Técnico 238,livros,74.57,90
15190a19-f7aa-49b8-a904-b891d1013566,Smartphone 283,eletrônicos,1260.02,37
a7c2c03f-daa9-4199-b0bd-a64cb775c61e,Boné 351,moda,54.86,122
22a0e8f5-4a1f-46a7-9c23-696cbfb26f30,Sofá 261,casa,2541.72,18
23a3226f-b2b3-4e7f-895f-dd87328e0ab9,Smartphone 754,eletrônicos,2669.96,92
43e1b67e-7837-47fb-83fa-c105cbe4d2bb,Sofá 275,casa,1612.16,36
fb575f46-5fcf-4867-b488-119c8e169893,Lâmpada 586,casa,27.3,96
7830534a-a75e-4a36-9c07-7a34df3b9a2b,Skate 240,esportes,327.94,69
112bde95-c108-4fdc-80ed-2cd660f9dc25,Liquidificador 897,casa,123.6,18
81e0e08c-a87d-44a3-bc32-bff861a6660e,Livro Técnico 689,livros,155.32,129
bf77effc-5988-4a75-95db-dbd2f5291c01,Panela 305,casa,250.12,104
b045fb41-0c9b-42c1-8a4a-3372bcdce6d2,Infantil 684,livros,51.87,2
358b649f-93fe-4b61-884b-df844df9c3a0,Bola 353,esportes,150.49,78
9f8e46eb-d9ee-40f5-82d9-d54c3561d4e1,Bicicleta 418,esportes,1673.92,142
1655bd7a-3723-4696-8a86-56d6fa6610ce,Smartphone 660,eletrônicos,1719.37,144
6a8e97e1-7deb-4066-8d91-c29a9159fcec,Camiseta 278,moda,99.48,27
9c574862-cfcf-4dd2-a6ba-34a5caded0db,Liquidificador 269,casa,340.02,119
2f570a08-0107-4148-ba4a-cde6a44d91eb,Livro Técnico 730,livros,65.59,29
2c23d4bb-3f7e-4d4c-8ec6-aa05307ca106,Camiseta 735,moda,43.47,40
78524048-a208-40a6-a584-976c22028d46,Smartphone 656,eletrônicos,1537.95,148
f89a0732-98d7-4c92-a406-b6463dbc172d,Bicicleta 573,esportes,1294.87,73
b52555cc-255a-491b-8f32-e2e075105975,Lâmpada 608,casa,58.17,48
4be51408-5634-4446-8f52-be2a87834428,Infantil 924,livros,57.61,68
acfc0648-5e84-4177-bdb1-c2c1c91299cd,Calça Jeans 665,moda,93.28,63
27ab8d58-1f81-4271-bea7-b25cfd53323c,Skate 733,esportes,546.49,12
47cf02c8-cb09-40a4-810f-ae577f3bd104,Skate 581,esportes,394.75,65
feb72be0-5f13-4d87-bfee-7663cb02dd60,Skate 917,esportes,301.76,102
460b61c2-b0a4-4ee7-940f-cc4cd5e7054b,Bicicleta 779,esportes,1379.13,82
66e50880-e7ea-4eac-bcdb-d5322b92dd55,Autoajuda 273,livros,35.67,11
e637c471-e669-4090-a3c0-cdcd28ea4377,Tênis 121,moda,546.11,149
21606e54-6079-4b4a-8e93-2e950650aa9f,Tênis de Corrida 583,esportes,213.18,54
2f8a2e85-3706-4d74-a12a-20a9186bf370,Romance 966,livros,46.4,19
b9280745-f6c0-4301-9144-f729b984b296,Smart TV 329,eletrônicos,4990.05,18
dc4699c9-bee3-4c84-8e1d-dc21d3aaf8de,Caixa de Som 508,eletrônicos,683.25,5
42d04ff2-29d1-4869-b30e-a8a4259ec370,Bicicleta 645,esportes,1201.82,111
a26b75ec-4e61-4deb-92e0-8d1dbd1b633d,Calça Jeans 389,moda,216.51,103
a496b355-ce67-4b05-b1ce-0e210226a6d6,Infantil 240,livros,23.19,57
2e003984-0a2e-41e6-8baf-7536e5de6c37,Bola 354,esportes,169.78,9
45303547-053b-4b44-a988-7ae13df56616,Caixa de Som 366,eletrônicos,,20
82635898-2a70-470b-bb45-1604d1f7cc75,Caixa de Som 162,eletrônicos,-270.21,35
4bff2618-f1ef-49c5-a27b-f603a54f2680,Fone Bluetooth 334,eletrônicos,572.94,106
808f0fc2-36d1-4192-97c6-a47c8b78be0d,Caixa de Som 608,eletrônicos,726.61,62
d990f2da-e3c8-4144-b4c0-cd8a173b1a19,Smart TV 811,eletrônicos,3410.53,68
2e86a06c-22f9-491a-b3e9-a64db97dabcd,Notebook 749,eletrônicos,5813.49,138
fd3eead6-ca23-4bc0-a747-20a48a0a054a,História 644,livros,94.83,111
cb2dc264-7713-4ad0-95dd-9f097e5a6678,Infantil 469,livros,54.27,56
634d2441-f213-4713-86c2-a3f9326e1dfe,Skate 311,esportes,588.15,138
ef3f877c-ccdb-440e-be76-65577f9a9d57,Jaqueta 551,moda,173.23,3
993f9b3b-82b3-433d-9c1f-5d4dc3b2afe1,História 651,livros,54.01,87
936352e8-4de6-4076-8c4e-71c309082dab,Bicicleta 886,esportes,1163.69,148
df83fa76-f753-4b74-9ec7-7546e1df402e,Bicicleta 426,esportes,1747.33,72
e745682d-6f0d-4183-b815-47fc5aa1bb53,Autoajuda 743,livros,84.39,88
80478720-a2c8-43f9-b558-250451bd1645,Romance 283,livros,64.98,52
0e1d86a4-b9d0-4864-9a3d-dcf9bf3b6c72,Infantil 316,livros,32.14,70
e5c4d7ff-5bae-4a5f-9c12-36f6cc3b0679,Lâmpada 745,casa,54.32,111
62263921-504e-47fa-bfa0-60f0038eeea1,Tênis de Corrida 991,esportes,420.33,5
16f8ebb7-380d-464b-a02f-a72b30d16c25,Liquidificador 597,casa,,95
751570ac-631c-4923-8ab4-2849fd284d44,Boné 140,moda,59.49,45
a982ab9f-c268-49f1-9874-6aca04583e54,Liquidificador 505,casa,385.89,86
6f0b4f77-0fe7-47a7-909b-04776cd0ec86,Livro Técnico 301,livros,60.7,84
6780cad9-f95e-47a9-bcb1-79c9a2d27891,Tênis de Corrida 529,esportes,570.12,94
201f151c-d966-47b4-8059-8b3adcc54754,Boné 663,moda,51.72,83
07778274-1f68-435c-8b30-5533d1a9e365,Smart TV 599,eletrônicos,1615.74,101
d9bd91cd-aa7f-4838-9e0b-ba875f25f114,Boné 509,moda,,24
16460737-053a-4cb1-998b-942b66d72b8d,Bola 476,esportes,184.25,126
76bc053d-bdcb-4300-9ffd-f8b59725aef0,Bicicleta 888,esportes,2294.43,41
393d3e4c-c094-4256-b6f0-43e51a036811,Calça Jeans 961,moda,189.3,1
cfe21f86-5553-459e-8e64-472cabad053b,Sofá 846,casa,1582.1,126
b9c168f8-c2d3-42bd-baa7-c3fec96d8875,Tênis de Corrida 371,esportes,353.81,110
0e3beab2-0766-4fec-80ae-0ed833e448dc,Fone Bluetooth 973,eletrônicos,734.24,23
a8ac747f-09c8-4807-8f99-c0c6d95cd144,História 538,livros,69.14,36
ad65015a-836c-4778-ba54-8e70cc8ff0e4,Smartphone 126,eletrônicos,1720.59,77
9a9686de-cadf-4db7-aba8-e6843800ef07,Mochila 172,esportes,275.95,61
64207eaa-1bee-449b-8a05-aa439c6ee0e6,Mochila 338,esportes,173.74,48
c7a01b95-0f29-4fbe-9738-6c6697c8d022,História 729,livros,58.62,124
35d46872-b126-4aa0-ba4a-7b546796e973,Autoajuda 370,livros,53.44,31
2cc96a23-e51f-44eb-bae2-a73bab1c3ac1,Mochila 738,esportes,198.6,29
fdf23e5e-0ddc-4a05-8cb1-46ce76ad2ed1,Skate 398,esportes,406.22,102
75e28e07-c868-494b-b0cf-de9b8c924bcd,Lâmpada 629,casa,68.95,146
b6f31f81-17de-4202-a9e4-9f35f1fe1a56,Bicicleta 455,esportes,934.03,143
c1921244-42a1-4eeb-9bdc-4f85afaadd92,Tênis de Corrida 499,esportes,207.58,92
551eb637-5ff5-4973-b727-6b6996398f17,Camiseta 325,moda,80.8,4
45ae15d5-99ee-4666-92b9-825120a9d801,Livro Técnico 452,livros,88.65,133
0dfb074d-311f-4d87-9f62-bde66158a301,Smart TV 885,eletrônicos,2301.32,36
bb628dbc-f1aa-420e-aa19-04e2cb2d5f5c,Notebook 890,eletrônicos,5403.12,118
6341c436-230b-42a1-9191-f7b898a85d84,Jaqueta 788,moda,161.15,48
23ab5f51-927c-4106-885c-ead0d21fbc94,Sofá 674,casa,2972.15,141
e99277f5-9fde-4f63-b080-a083a78eb159,Sofá 695,casa,1617.9,58
911647e9-7d27-4f60-9229-6b38a25639d4,Panela 307,casa,,25
caac673a-be6f-4ba7-8177-eaf1545514df,Bicicleta 684,esportes,2338.62,130
4631050f-4def-409a-b0b0-b362272c1d2e,Panela 858,casa,297.92,63
bc22c875-9f5b-4fa8-b0b5-7c70969b6cc5,Panela 959,casa,278.42,17
91f4782d-86f0-4c4f-a0e4-24d00dfb7723,Tênis de Corrida 442,esportes,539.55,146
5be4ed9f-bef2-4d4c-90ce-6a04a7f6c903,Mochila 147,esportes,171.04,47
0ddfee9e-4768-4c67-ae32-1d6ad61c07f0,Caixa de Som 597,eletrônicos,213.6,129
dd5bf8e4-88bb-48f7-9887-d70fd5843352,Liquidificador 129,casa,132.61,2
78567e71-d644-403e-b8bc-afcbcf9e0034,Lâmpada 580,casa,28.83,97
86b77801-7e4c-4ec8-a1e0-1ec4a408ff20,Skate 527,esportes,517.79,32
f0f1a48e-31c6-4bd2-98f6-c6dc24132dc8,Fone Bluetooth 503,eletrônicos,463.7,105
dda4fa06-a79b-4d6c-bc6e-8136eb874487,Boné 530,moda,69.57,125
911a919d-55e1-4e3b-8929-ff9788bd791d,Cadeira 684,casa,351.62,137
65858059-a8c7-4741-a5b5-348a4863a715,Notebook 721,eletrônicos,,12
0680dc4f-8534-485d-ad6c-9929eb1b044b,Calça Jeans 689,moda,212.0,149
4cd24ca9-f061-4060-8651-62d3e94d7f03,Livro Técnico 111,livros,73.29,92
0ccaa11c-40a7-4409-9408-95d03557aea4,Jaqueta 793,moda,395.8,36
a09f3622-0da2-44c5-ba8e-c894c457da6c,Romance 454,livros,55.69,50
90b79d31-11df-4cdc-b171-2799075aecbc,Infantil 757,livros,42.12,43
cdc44018-6e10-4a67-ae45-beedd131559f,Livro Técnico 719,livros,63.09,87
cbfb0514-9918-499f-b9c3-8f78ce18d75f,Panela 227,casa,291.9,32
b431f552-b76f-4904-aaae-45117976e4e8,Tênis 441,moda,297.66,140
c72d7fb2-cd4f-47c0-ae27-eb82deaaa36d,Boné 898,moda,61.08,19
dfac239d-5dbc-41c8-b9c3-98788f0b5e21,Tênis 695,moda,521.27,67
78b47a47-a278-457c-94a1-a78043bdfbe0,Mochila 673,esportes,127.08,62
f132ef1b-d973-4456-aef4-3d24ccf84a89,Skate 215,esportes,719.11,23
ab296912-2020-4b45-bde7-cbe3831d8334,Infantil 211,livros,51.86,15
7804f7c0-bd10-4407-b2f0-fc4ff62e4bf0,Skate 741,esportes,781.46,27
5173b038-1570-4160-8413-350e28fd271c,Livro Técnico 897,livros,135.4,73
9715e2bb-6cd6-4040-92eb-f2b791397a5f,Lâmpada 876,casa,20.1,33
ae35c2d3-25c5-48f9-b9a8-895690f8a748,Notebook 667,eletrônicos,3655.63,132
e0a2d5b6-6c34-4f4d-bbd4-7a2a48ba0e50,Sofá 979,casa,1327.6,44
be1b7a84-f00e-4478-8796-c7bfdfa3d982,Smartphone 550,eletrônicos,4551.8,133
c7d6bfa2-bc78-4229-99c1-a05a448abd4c,Fone Bluetooth 657,eletrônicos,649.21,7
01612553-125f-4ac3-bc00-2e311b0bb90d,Bicicleta 119,esportes,861.5,129
a9f5430f-e57f-45e0-8e68-023d1cae3fba,Smart TV 293,eletrônicos,3652.26,13
6ebb74db-6387-445d-ae54-0f5a819815d4,Smartphone 399,eletrônicos,1232.12,86
1a71932e-d92b-43bb-9f4f-3d079598c54e,Tênis 679,moda,390.32,24
62232c75-15bd-44f6-9a42-77b697f8c9e6,Bola 705,esportes,199.83,74
a12e0231-b16d-4305-8022-58c65d4434ff,Lâmpada 455,casa,37.73,53
9c89be1f-7fb6-411f-ae37-859958ebe486,Mochila 256,esportes,277.88,12
f8f284e5-6815-49b7-9d04-4ea6c8172e7a,Autoajuda 242,livros,78.53,76
ea955385-c825-4674-b939-a821a7ad407b,Lâmpada 100,casa,53.86,83
6be6d3c7-eb97-459a-8571-cd66e78de987,Romance 254,livros,70.06,122
d809fce0-69d6-431f-8a44-85fce5c64168,Tênis de Corrida 889,esportes,291.8,61
d00aae0f-d4cc-4b30-9fd5-5705ec46a947,Bola 921,esportes,102.63,7
7124dee5-9b28-404f-a6d8-fcc9b907b715,Cadeira 838,casa,282.3,76
ec8bcb7d-4ffb-4a47-ac09-50c40b4dd3eb,Skate 760,esportes,563.81,38
225e2372-24af-4f38-942a-10965c141ad1,Autoajuda 124,livros,46.0,75
3207a072-dc19-46ee-a39c-10c771f222df,Cadeira 535,casa,184.53,128
0b20b62d-5a05-4d9e-8fa8-579497d1e0df,Jaqueta 563,moda,212.26,92
619242d3-644c-4789-b5a1-291e3e3ec001,Tênis 981,moda,199.71,24
434db06c-37ba-4994-b53d-d1a6a89261b2,Livro Técnico 798,livros,145.45,95
56da1f32-d80a-41ae-8107-463d0c3b95ff,Jaqueta 423,moda,166.76,112
d8d026eb-fce1-4ce8-941b-248972299997,Sofá 544,casa,2317.27,136
6709a057-d729-4222-863e-099209f5243c,Skate 945,esportes,687.67,44
f5a3575b-afd8-40c9-b7fa-dd897c7f09da,Tênis 506,moda,596.76,31
6b796d1b-fa09-40bd-86b2-86205d903132,Camiseta 791,moda,,69
a4bb31be-392d-45f9-b5d3-0936cfda20fe,Caixa de Som 172,eletrônicos,632.52,22
287611da-1129-485f-87ec-687ef8b7c554,Autoajuda 215,livros,51.08,12
97d5754a-a0fd-48af-9b1f-7485a47c25a7,Autoajuda 892,livros,84.1,146
f9ce0ec9-74ec-4bb9-99c4-1e6779f87015,História 511,livros,45.1,63
ed7937f3-ab96-4170-9a74-45e4b9fcc3a3,Bola 692,esportes,60.11,69
9f0a0d51-3403-42a6-ac3a-55192c65433a,Panela 654,casa,263.72,142
5a07239d-959b-4013-aa54-9f84cf97df12,Bicicleta 918,esportes,822.46,90
d3db9a3b-ec55-4aec-8182-9243384b172b,Camiseta 835,moda,52.33,86
5b58acd5-ea18-4899-9687-d1d89b5ab084,Jaqueta 455,moda,,6
9f51d44e-995c-4210-a44f-d6470cb52250,Romance 134,livros,74.61,30
016588c5-3455-47cb-977d-723d48dead82,Smartphone 216,eletrônicos,2226.44,83
42aca8d0-e5e3-447f-9412-525795620fa1,Camiseta 729,moda,53.09,59
4afb8491-b31c-45e8-8ad3-565fa0663fad,Lâmpada 380,casa,56.1,113
f47c9044-b24e-4610-b404-dfff6b106183,Smartphone 662,eletrônicos,1598.36,85
71966dfe-08ad-4df4-acc8-625c4cd261e5,Camiseta 467,moda,71.22,70
797fe64e-4110-497f-9c38-ddcf3a67d630,Livro Técnico 552,livros,150.27,132
5fdcee88-23ae-42ae-b3a4-54326799a79a,Bola 910,esportes,61.25,66
d22304f6-ab3a-431d-b250-d5f41687222d,Smartphone 606,eletrônicos,3562.17,67
0934713a-bade-4db7-9d53-7a2dd0392383,Tênis de Corrida 446,esportes,456.3,71
9facdd00-505b-444b-aceb-45b5b0077a8e,Sofá 214,casa,1722.58,116
44a067f4-fb76-4eab-bde7-aedb5a467823,Fone Bluetooth 249,eletrônicos,268.08,140
812d1bcb-f87d-45ee-b4dc-78f0d16672b9,Jaqueta 724,moda,353.91,27
3bdddae7-956a-48cb-86be-06608d6e4915,Bicicleta 705,esportes,1493.14,25
cf9deeb6-341a-49c0-b0bf-89fe572a69d5,Fone Bluetooth 905,eletrônicos,-765.49,128
a1ad3dce-62c8-431b-b4ee-d89d722ff15b,Autoajuda 457,livros,48.34,35
11ba09b4-b982-47c4-ad3b-47786f2fe02b,Romance 213,livros,42.64,147
1f6081c1-da4d-44c6-8b99-e1049e19451e,Camiseta 844,moda,-107.97,90
98e1443b-7724-4f27-82cb-eb102ff79969,Smart TV 266,eletrônicos,1440.06,143
4e78e233-e865-4d20-b84c-82c214cac8c4,Sofá 254,casa,1996.48,133
ab80757a-9af1-4981-bdc8-4ce1ca94b09d,Tênis de Corrida 215,esportes,430.52,51
3cf96252-5f57-4725-a375-03f3fc9ffc0f,Panela 208,casa,292.01,84
4cdfc92c-da3e-4a91-81f7-3409b222e0a8,Camiseta 752,moda,108.7,50
b7727a9a-829d-41fd-a0dc-019a9372fc5c,Liquidificador 650,casa,294.01,57
2f6d7056-31da-43ed-9298-5b5cfa63dabe,Autoajuda 918,livros,45.41,6
99556946-44bb-4651-b471-bbb661379b8b,Tênis 230,moda,257.54,2
3f75fff1-d554-412e-8020-b951115a181e,Liquidificador 106,casa,194.3,54
319df295-bc20-488a-9a7a-2762c6a6876c,Bola 470,esportes,88.01,132
6e77dd13-31fe-49da-a723-46e34fd3fcf9,Romance 681,livros,56.28,150
d76dff78-96d7-4efa-b5bc-f4ce33dc3f89,Notebook 459,eletrônicos,2905.09,57
2b85a045-e788-421e-80be-e1542edbc005,Bicicleta 693,esportes,1966.69,88
f14be32f-a800-4d0a-a0db-af53fd0a7dde,Caixa de Som 382,eletrônicos,622.61,28
fe963971-9c27-4c09-ae77-298667da9b3d,Mochila 949,esportes,,83
1bd93344-5135-4473-82cc-91cbca710cef,Livro Técnico 575,livros,63.46,12
e9c62d62-614c-427e-9924-f2f2fe6df42d,Tênis 539,moda,162.47,97
91f34e0f-fb3e-4953-af4a-24e4995beb22,Sofá 643,casa,1456.19,111
b1060141-5988-4cfa-a149-b089c7254357,Calça Jeans 987,moda,84.55,142
8da30cfc-8e35-40ad-84b5-7038c74634ec,Lâmpada 142,casa,37.27,61
725bab94-4f52-46b8-b88c-ee995aec687d,Bola 928,esportes,175.81,0
15a00d35-b4d9-4301-bc55-f0e555dbbe18,Notebook 668,eletrônicos,4484.11,143
58d8c310-9a76-4887-aa8d-3f892dd95314,Camiseta 302,moda,73.58,10
e3cfddf4-c43f-4c03-9f40-7eacde0201c6,Jaqueta 888,moda,284.02,137
7dd3da7a-0b35-4f49-a686-5e5c2ecdaafa,Livro Técnico 104,livros,154.9,50
172ed604-03d7-4735-8533-790c1697f25a,Caixa de Som 554,eletrônicos,805.88,22
0ce9d916-c6ff-483a-b31a-87f96b08ae58,Autoajuda 822,livros,95.14,133
3214ea77-fadd-4c37-9323-db0026f77a0c,Liquidificador 153,casa,270.47,114
d7d14610-c4f4-4363-866a-d980a5ab23b1,Panela 905,casa,186.22,112
68cafc77-4ece-4596-88e2-66f905b1ed94,Caixa de Som 782,eletrônicos,411.12,31
427b76f4-613d-4435-a730-5a003b301904,Fone Bluetooth 272,eletrônicos,320.62,3
1ddbbb5a-5f71-4bff-bc31-b2ea0e7b248c,Tênis 122,moda,281.59,41
c012a9fd-541e-40d9-b37b-11b6fa559dfc,Lâmpada 262,casa,36.54,51
c0ed5eef-be10-4905-a222-0092be541d22,Notebook 486,eletrônicos,4519.06,67
1f3d81e9-5f00-48fb-baa5-dd59eca5df0a,Romance 221,livros,74.65,17
ba4ab54f-fb0e-4567-a86c-02e42d3162ec,Smart TV 345,eletrônicos,4645.95,30
008e8059-0616-4d28-bbf8-fd879d06b6c8,Caixa de Som 962,eletrônicos,197.3,92
f8ae9632-1a82-4537-bde8-f8880a8a1fe6,Liquidificador 750,casa,118.8,26
33315230-17a9-4d8d-8515-119af56a1f6d,Lâmpada 867,casa,32.44,52
c34a3697-083f-4a3b-8db6-a03dc639011c,Cadeira 262,casa,241.91,109
4cc7865a-3c15-4d88-831c-15f5d48a07ef,Autoajuda 518,livros,80.55,44
597081d2-cf90-418e-97cc-ad02b03591a4,Camiseta 674,moda,-65.98,131
04ed374d-9f5a-4cba-82ed-8a7757ffb3cc,Livro Técnico 336,livros,,51
c42816ca-1ba4-465c-9f65-8f11218f4b37,Tênis de Corrida 236,esportes,594.12,47
7c0df3a4-ca72-48b3-9848-2d86a929225f,Cadeira 309,casa,577.95,31
4a732ec4-6196-4157-8841-4b58315f7f51,Panela 447,casa,293.82,31
4a57e9b4-6e75-47af-b7b1-8f13f2b7d7c7,Lâmpada 100,casa,27.3,25
73d4f43f-a248-490c-a61e-a93b134e44df,Calça Jeans 887,moda,139.56,92
1a0c425d-86a1-4dfe-962f-0f7823a8bbf3,Tênis de Corrida 132,esportes,398.61,65
c196541c-9a77-4df7-9aa2-5f36886bc5e2,Mochila 874,esportes,241.98,108
4970abf2-9bee-4a54-9dcb-bc28b89bd42c,Cadeira 766,casa,538.66,71
b7c36f3c-87bd-4b27-bae5-fec7b652333b,Calça Jeans 828,moda,199.08,135
b204a66a-b57e-4c39-bc64-66125f4a7dbc,Mochila 527,esportes,293.76,113
e453369e-4d97-4ef2-b1d0-a95dfe654bc3,Liquidificador 950,casa,321.85,8
cda6a357-5e88-411c-be92-3d28c551ffbc,Fone Bluetooth 533,eletrônicos,295.5,15
5d4c4aa1-3892-4481-9cef-a5d98d08c244,Jaqueta 560,moda,194.78,7
2f019ece-cda3-414e-9cf7-7474ffe67f88,Bicicleta 911,esportes,1963.01,82
11c32e54-35c4-42ef-bc7f-d7b61dc7e695,Smart TV 972,eletrônicos,4651.17,136
e05ac21f-5835-4789-8ec0-3842acadbbd4,Caixa de Som 621,eletrônicos,470.07,19
739a01cd-170c-40a9-8a15-c377bb2a1086,Mochila 585,esportes,232.6,5
055086c8-adfd-496a-b899-6bf3f4d1c998,Autoajuda 992,livros,32.0,69
ad6cffa9-c0d6-4521-9a45-9cccc3b7fdb0,Romance 762,livros,40.38,122
9c61764a-8eb2-4c9d-ae0b-c5df27433ed2,Notebook 812,eletrônicos,3827.47,102
ac1f169f-a651-4727-b0ed-fbf72646b4fb,Smart TV 817,eletrônicos,1216.26,69
55d19613-0a16-47ef-ad7d-6959a7b08cab,Smartphone 823,eletrônicos,3873.0,149
0aeedd28-3f95-44f7-8d4c-9370d8fcc570,História 821,livros,44.85,21
0b2892b3-4704-454a-8b7d-2b6d5e0af029,Tênis de Corrida 470,esportes,395.33,133
c36e9f73-25ea-4620-a288-8796519af4e3,Fone Bluetooth 741,eletrônicos,220.19,2
1fffaab6-ea85-4207-8c49-8ab1a0d51a88,Camiseta 247,moda,106.86,47
5a6101d5-af90-46c0-99f3-77a7507d4a4a,Sofá 324,casa,2283.43,88
780bac07-4d78-4206-8339-dc22af3bba60,Liquidificador 698,casa,393.47,144
e3e9d706-43e9-455c-9256-1fceebfd4a0a,Fone Bluetooth 298,eletrônicos,769.71,113
c5c25f2e-0b7d-47de-bbea-ca43b7e0e626,Smart TV 838,eletrônicos,3082.17,93
1593c5a2-697b-4ad9-9636-c72c4aa3c4d1,Fone Bluetooth 589,eletrônicos,125.86,95
d4cd8036-00c6-4fe9-8447-67dcf3d3bf14,Boné 932,moda,42.54,63
c71ea47f-c425-465a-8fb9-c1daecdce348,Romance 296,livros,38.48,74
fa45e85a-d716-4dca-b043-005dc1928c02,Lâmpada 307,casa,18.03,19
cbd254d8-678f-4f01-bb3e-3c65096651fd,Smart TV 855,eletrônicos,2383.71,34
b7099309-9fd3-488b-81e4-f8bd963c96b8,Bicicleta 313,esportes,1476.31,70
d3b6ab91-c209-4e07-a6fb-f60de2306a7a,Notebook 232,eletrônicos,5783.08,101
e2b2072e-f807-48a1-9fac-a20de29a5f24,Calça Jeans 149,moda,178.04,65
d1d16425-00c2-4923-ac97-108e5aa64aff,Livro Técnico 638,livros,154.62,95
8ed03255-8d40-4b44-9226-d61da71cf9d1,Caixa de Som 160,eletrônicos,985.24,45
e9e7ed3d-bd9e-4783-8f7d-267f48f941b9,Panela 759,casa,176.89,20
cd1b8aef-ecaa-41a6-9ac1-95838576fe10,Romance 280,livros,39.54,10
682d7267-2bce-410b-8e97-a4b5b74f8855,História 295,livros,95.22,90
d4c5f52f-7120-4381-9b9e-8946332db82a,Liquidificador 454,casa,258.82,85
e414d6b0-87a8-4a14-818f-2b63f6364e92,Notebook 526,eletrônicos,5191.98,12
b311278c-1899-4e90-bd37-17d85bc3bc34,História 456,livros,100.39,96
9861c713-7299-49b3-9769-2ee1a84ce90e,Mochila 475,esportes,111.1,139
e8574647-9708-4229-9663-40fa9c5145c7,Tênis de Corrida 450,esportes,404.38,45
e53b12e9-3f6c-4705-b7a4-b32b5d941b27,Mochila 925,esportes,217.04,113
9334470e-8fc0-4d7b-a53e-a0bf958b31f2,Skate 143,esportes,794.91,94
691e9ab8-bdda-4203-8d6d-904ffdb5d573,Liquidificador 659,casa,318.23,98
a1492f00-9c51-4c3a-9d65-c12d0f08b2e3,Autoajuda 462,livros,,92
e8884366-9f7a-4204-a2f0-be4ce794cbea,Smart TV 944,eletrônicos,3631.44,91
7d003f64-2d3e-47fe-a2e6-18a258f7ed2b,Boné 500,moda,30.89,75
daa9e40e-f66d-4e5c-aad1-51c6f934fdea,Mochila 392,esportes,221.94,76
fa85d37b-bdc1-483c-8980-849005121819,Panela 922,casa,86.71,48
b65db269-2053-40be-a0cf-679cf128de4e,Bola 978,esportes,118.68,28
2993734f-5766-4186-8e84-366530f52c0e,Autoajuda 952,livros,34.26,102
d47dc993-fff0-4fe2-9448-eaef90334d04,Romance 942,livros,58.49,125
3dea3e0e-3bd9-47dc-8e66-7063f4f7dd51,Sofá 286,casa,1793.29,142
8a687b47-fb58-46cd-a97c-1dff7a56ae5b,Liquidificador 673,casa,323.24,0
94714835-d74c-4599-ab74-699ca5ab347d,Smartphone 252,eletrônicos,1580.78,61
c7bf53f4-5f9f-4022-b537-d28984061e62,Notebook 533,eletrônicos,6069.08,96
2b5cf723-4050-4287-b579-d983938b3462,Livro Técnico 746,livros,69.56,42
e409ab9d-85ff-4672-b9e4-03f0f9c91b6a,Sofá 944,casa,1917.5,115
f95b79a5-7bb1-4820-bcc4-8b411477ea84,Lâmpada 358,casa,62.56,137
4b26bdd1-96ef-4574-96e1-6e9385ceb442,Calça Jeans 324,moda,203.87,140
8aa097c5-944b-445f-8625-56afe9e02a88,Caixa de Som 232,eletrônicos,615.59,99
8dd1ae4a-dc86-431c-acdb-9471b6630278,História 176,livros,,91
bb34f780-0133-4415-9945-6b2e83cefc4b,Skate 863,esportes,,65
04dc8711-5385-44df-b49f-44d989a3e6b4,Smartphone 606,eletrônicos,,30
1d45c4b2-bb64-46ac-9e46-3aa6f895ffc6,Fone Bluetooth 311,eletrônicos,758.47,111
c33a95ec-c429-4b2e-a711-78b5ab384829,Autoajuda 854,livros,98.45,67
998426c8-9711-4aa7-8d71-5b38b409ad67,Panela 993,casa,172.39,113
e0551b1d-81ab-4605-8bce-c63176cb9a68,Mochila 484,esportes,248.02,118
154d1b29-ff79-4160-b7b4-5600138004c2,Bicicleta 537,esportes,1782.26,101
c51d4685-f8ce-4981-8f0d-b7e36e9b6247,Lâmpada 578,casa,26.67,124
b3666f01-53c2-46c9-b265-a10a9c67453d,Mochila 682,esportes,,131
fe727882-18bc-4234-9e06-dfe4e817b90e,Cadeira 879,casa,,145
ae5f5a83-ebcb-411b-9d09-845a541a33fa,Bola 685,esportes,193.53,40
a9084cca-c65a-49b4-b0cf-1b2a904b4a1f,Tênis de Corrida 199,esportes,334.88,98
ce1e0739-da09-436d-bd3a-5458496ddc67,Jaqueta 582,moda,,79
be5d4392-a7c5-4b9e-8470-01cc669a2a02,Tênis de Corrida 972,esportes,259.36,113
8068a306-ecc4-4114-b4ad-5343a5927999,Tênis 650,moda,450.84,24
0c3afc8f-eefe-4edb-8bfb-e1087e8f0d89,Autoajuda 490,livros,84.71,62
42ccdfb5-b3a5-4dc1-81e9-3d39fae40060,Livro Técnico 758,livros,169.62,60
f24b7d5c-6962-462b-a791-c34b77c06fee,História 301,livros,93.61,11
919bcf28-6b6a-4622-b160-3ccb99c278d2,Panela 281,casa,96.27,80
4d14f56c-ead6-4fb8-ae29-612c7848f084,Bicicleta 204,esportes,2408.48,149
62e39fb4-310b-40ed-96af-ee434a093035,História 224,livros,111.46,110
e27bb851-68b3-4324-aba6-0aecb8fb8138,Smartphone 118,eletrônicos,3902.58,96
d233b2a9-d888-4b92-9b3f-57c90e2dbe0e,Romance 743,livros,59.88,80
0e4a8145-d1ff-4015-baa0-f23989462c95,Notebook 150,eletrônicos,6907.36,111
4cf3f4c3-c98b-4f1b-99d1-789f58369b50,Camiseta 926,moda,118.69,107
d4bd0ec1-0a40-4257-a23e-3b44b11e4c72,Autoajuda 318,livros,76.62,33
2f8afa18-0ef5-4981-aa69-098e41e1ab91,Camiseta 296,moda,102.44,17
f60aa14d-00c7-45c3-84e8-0949e594a97d,Calça Jeans 734,moda,109.17,48
0d1aa7bb-71fd-4fe1-96fc-573206681763,Jaqueta 800,moda,233.47,94
b7af466e-48ba-4798-9c22-55da7cbfb121,Bola 405,esportes,157.56,131
ab9d09ab-5d97-46cd-9a55-91aaece87403,Liquidificador 771,casa,187.99,64
652d2ccc-f762-4f0a-bbd2-6e682baea33f,Livro Técnico 122,livros,158.32,116
43c11c67-32ee-4e45-a9f7-eae4fdd8e014,Caixa de Som 248,eletrônicos,182.56,104
9c71b6dd-c649-4e00-9519-f7fc820cd08c,Caixa de Som 892,eletrônicos,522.66,0
a09d8243-e490-4cbf-ab73-64f643fcd28e,Camiseta 947,moda,87.75,112
2298ce59-49f4-45a8-bf8e-0ed88530dd82,Camiseta 145,moda,,123
d862a28e-7ff8-41e1-822e-aa5cc0f1fc7a,Smart TV 704,eletrônicos,2456.99,106
6f9accfd-3a6c-469a-bce7-b3ded28b2640,Tênis de Corrida 245,esportes,282.95,21
53ab4329-a317-407e-8c01-d3a9f9bf4f5c,Smartphone 646,eletrônicos,2172.22,129
b5f3053d-9178-41fc-9374-f23dfbcfe793,Smartphone 149,eletrônicos,3321.26,97
77a34127-9768-48e6-9ac0-2f447b86353f,Cadeira 578,casa,549.55,93
d81f1540-05f2-4a39-be1e-245ecdeccfb8,Boné 774,moda,,85
4864a002-4440-48d7-a510-e6ec42a57da7,Tênis 483,moda,201.34,87
50419d03-dd66-4dcd-9149-f848ff2e349d,Smart TV 845,eletrônicos,2236.58,52
2345d517-598c-4948-bf02-6ec6cb43d601,Smart TV 794,eletrônicos,2563.52,64
a4373f5d-77c7-43b2-b362-11b9366a2ef2,Lâmpada 583,casa,21.32,120
9e532f24-a5d2-42e2-824a-665739c2118c,Autoajuda 123,livros,90.31,127
2eb213da-fb52-468d-831d-aec7a4aaf726,Mochila 508,esportes,116.95,135
a972b2e2-c9a7-45ed-b430-7bb2f826d6b4,Mochila 882,esportes,,72
c14b2d0a-dca3-4d94-9aef-7c98af2c2d20,Cadeira 206,casa,250.05,119
c45d0374-00e6-4daf-b6d6-f9e700ae87fd,Sofá 475,casa,2737.03,116
9dd90dd1-23c4-4224-ad79-683caa7cc100,Boné 803,moda,77.5,76
0cff85a3-a72e-4352-ab40-cb75058f266c,Livro Técnico 643,livros,107.88,42
c1807008-a076-4719-87d0-6d974dec921a,Bicicleta 587,esportes,2472.98,123
ac62c839-0942-47b6-88eb-eb3a17e42c51,Skate 793,esportes,566.89,30
2db30f93-4a72-4a5d-a67e-d7ba3c2fe21b,Boné 528,moda,79.27,67
63f07541-1365-4137-859d-370e111c0074,Tênis de Corrida 517,esportes,370.54,11
0b8c5100-46c9-4090-b192-2cd2494e147f,Skate 187,esportes,557.16,7
6c34347e-3e1b-49a9-9656-5c7db04f8715,Smartphone 517,eletrônicos,4429.92,141
8cd1264d-624b-468e-b9de-51cbac6e247b,Tênis 932,moda,559.19,86
3c3e21c2-3a23-48b5-8cd6-e90a5752de72,Sofá 927,casa,1147.71,140
37a5a243-b58c-4bb3-b1fe-65d176477573,Tênis de Corrida 661,esportes,445.92,70
b10ce740-a386-4597-95b8-e35a162382c7,Liquidificador 450,casa,307.45,80
557d4449-f954-4c03-a35f-8f9655ca9d3e,Cadeira 364,casa,526.7,115
dfb91e72-26ac-4429-89bc-28f98b365667,Panela 126,casa,123.72,139
f1e86857-2d06-411b-a53f-07086619e44a,Tênis 797,moda,382.31,17
b7af76fe-815b-46be-9429-863df320e855,Livro Técnico 689,livros,106.65,19
e72ff902-7627-4d04-9786-49900f41aaf4,História 962,livros,108.87,22
0af3d750-4abb-44f7-8a0e-a2602eada9d2,História 637,livros,73.81,11
47bce10e-0c32-409e-a1c0-54796c8f91c5,Smartphone 659,eletrônicos,1362.35,63
8ba8fbab-1784-4b6b-b26c-98125cb6cf8d,Panela 859,casa,234.33,12
57f3a96f-991a-4603-886d-ca692653b8e3,Autoajuda 790,livros,30.89,109
18ddc5cb-56a0-4a51-a932-8da3d5225db0,História 108,livros,55.22,150
4b3be235-9f7d-44c7-baab-41d9b1f3c05f,História 513,livros,114.0,1
3d48a353-73b4-43c0-b1a4-91ad38bee7fa,Camiseta 144,moda,57.75,133
06774978-7be1-49f4-bda1-5e53f322b2e1,Notebook 371,eletrônicos,6285.5,143
8527ad0b-4022-407e-b8b8-7dc973907189,Mochila 525,esportes,146.74,7
9937382e-67f9-4e24-9e16-ee2909c491b5,Cadeira 978,casa,407.24,115
73e198bf-e0ad-47d1-915d-7c3da82f0d1c,Boné 775,moda,63.0,29
49421729-cfa5-4dbb-a2f9-d12860d856b4,Tênis 371,moda,580.16,57
9ae6a808-53a1-4f79-bf0b-db6dae53492a,Panela 293,casa,293.44,85
2be7daf7-8670-48c3-9ac6-c099ea65934b,Jaqueta 331,moda,160.84,105
e52771e4-d79b-43e8-8351-e3eff6a7eca8,Caixa de Som 177,eletrônicos,827.35,57
27d381b7-e39d-4d5d-85e5-162c3c17a017,Jaqueta 425,moda,135.91,96
3073c21f-a157-464e-9cc3-ccfbfe91b77a,História 733,livros,72.78,48
6d6b5579-f7df-41d8-abbf-891a16e2bea6,Smartphone 830,eletrônicos,1481.56,101
2feaac2d-dedb-4d62-a310-17976029d9b8,História 263,livros,45.98,145
a1285a10-2ad8-4553-a21d-7feb4f31a16f,Tênis de Corrida 916,esportes,317.93,69
7a1db24a-b0b0-406d-8791-b5ea3890da30,Livro Técnico 721,livros,73.78,66
f394c6e2-eebc-4423-ac9e-ea4370ee5fc8,Livro Técnico 408,livros,114.86,124
b3134421-42ea-490c-a10b-757862f940be,Fone Bluetooth 460,eletrônicos,,105
1e98eb0b-4026-4c7d-85b8-69d5a8c15d4d,Smartphone 282,eletrônicos,,64
163a4346-5614-46c1-bc50-c2a890868a90,Mochila 494,esportes,287.17,8
dc2e456c-6a06-4dd3-a9f0-13404b143579,Smartphone 896,eletrônicos,3126.99,37
8c9bec23-b1c1-4770-9fe4-39655aa3dd02,Boné 421,moda,60.83,59
c3640ad4-969d-4d6b-a2fb-d01c6526123e,Bola 800,esportes,126.44,21
bfee2a24-4d5c-4c6c-88d1-bec6c19bc7d5,Autoajuda 329,livros,32.51,136
31065637-c0dc-4660-9a15-1a491f25dbc5,Jaqueta 913,moda,222.26,33
932ce5e9-5ad5-4197-a8ea-89d44cf381ba,Autoajuda 900,livros,-55.37,21
8b6820da-feb7-4f28-8387-c0bdbe7e8a91,Calça Jeans 166,moda,-134.99,26
d213e65d-0b00-48e3-9197-dc31d89bf93f,Smart TV 394,eletrônicos,3307.79,21
9736acf3-cc27-4b63-8034-97b9faa716d7,Cadeira 810,casa,463.51,25
9124d6bb-78f8-4882-acaa-a56c6d346b6b,Notebook 944,eletrônicos,4547.33,69
ee85da9a-fac3-441b-a17c-06919b7c0826,Boné 133,moda,43.95,7
f5a13e97-463c-4975-83e3-8d2eaaba1bcc,Jaqueta 831,moda,202.45,54
6cea7c03-cf76-446d-9fef-7a33a5d5a9b6,Romance 662,livros,,66
3c3fb748-33ba-47ba-99e3-0e9b1deb638f,Smart TV 434,eletrônicos,4180.34,91
13f873af-a2c0-4c04-8cba-7aeeec08ec49,Tênis de Corrida 802,esportes,,5
f4e8b172-c44b-4c83-aa6f-e863e0ca2e55,Tênis 700,moda,226.83,117
057d4c9e-f4f9-4144-9557-9eb6350425e5,Infantil 632,livros,26.5,119
0d9c24b4-a289-49be-b54f-6191878b6802,Notebook 633,eletrônicos,2726.48,56
3a2811ef-e5a8-4b95-82d5-f94f5617d8ed,Autoajuda 520,livros,75.41,114
a35b975e-744b-478a-b2f0-733e8a3105fc,Fone Bluetooth 741,eletrônicos,588.04,144
8c6843da-59c4-4774-beb4-c43f035becc3,Bola 520,esportes,160.25,88
02c5a072-9cff-4a27-808c-7f9d63d4673a,Notebook 752,eletrônicos,5534.38,43
9847db5f-b63c-4026-ae2c-d59426c08baf,Sofá 100,casa,,95
542c78bd-b449-4afd-878b-5f4367cc5ada,Fone Bluetooth 444,eletrônicos,429.01,26
28c5b051-70b5-4a81-9428-80c0a8496bef,Bicicleta 299,esportes,841.78,140
c4ad3b28-cb7b-4025-b3a3-d8031485958f,Camiseta 690,moda,60.88,55
f27a0ef9-6efd-4eee-a82c-aeb6ae86ecce,Bicicleta 662,esportes,2227.5,28
d7be48c6-25fb-4dea-972b-4451f8640369,Skate 457,esportes,551.73,53
aab579ab-6d53-49b9-a0ca-f3be4a324d88,Bicicleta 904,esportes,2417.97,109
3938f233-2187-414e-8fb3-04abbe6e08b0,Smartphone 621,eletrônicos,1944.75,132
10a321c6-b550-4af5-abc6-532bbb9cbaf4,Livro Técnico 925,livros,155.98,101
5dc04177-a4a7-437e-ab36-defedffd9fc8,Livro Técnico 588,livros,,94
ac1c42d9-9bff-454a-b5e2-0d62e97dd324,Cadeira 145,casa,204.59,148
705ecca0-15ef-4251-a9d2-6a13addbdece,Fone Bluetooth 347,eletrônicos,670.6,129
e5a5dd09-bbbb-4bb2-a5b4-3aeca6c86bd7,Boné 358,moda,68.94,55
b33f2102-8aa9-4199-b98b-d14fd0dac881,Camiseta 796,moda,80.42,40
80f3eb29-b1ac-4da4-8c33-e7fee3cb5cec,Panela 415,casa,216.78,147
fca18f71-78ff-459e-ad09-5ddd317dadc4,Tênis 260,moda,356.19,139
93e8f071-0747-4af5-b4b3-57fff780d169,Tênis de Corrida 429,esportes,388.68,6
0ac36121-b926-44f4-9f68-abd67d366e68,Panela 674,casa,151.01,84
b42d20e6-06d1-480a-841b-231fbd6b1ef8,Calça Jeans 404,moda,249.56,148
a32c02a8-521d-4130-aaeb-3f77917c6297,Livro Técnico 387,livros,139.28,36
62a24f43-a70b-4490-8f70-db7f572929a2,Mochila 983,esportes,221.33,66
c57b6142-3b05-40fd-b99b-fd53c95c747a,Skate 329,esportes,664.62,136
f383ffae-9c9c-4be6-96ba-4c92045032d5,Infantil 574,livros,52.05,97
24dc0a8f-7299-4f2b-8c1d-ee44affda83b,Sofá 613,casa,1188.0,149
8979a817-3f1d-4681-9b13-3a12d30a2c7f,Camiseta 637,moda,79.45,113
f2dce4ab-5838-4282-8bd0-13e2cfd8b833,Camiseta 950,moda,50.36,123
39abaa56-3dbc-4675-b6e0-a6c17d4cd35d,Smart TV 991,eletrônicos,,116
cfdf2c73-0775-4f44-abff-2e62ab43024b,Panela 847,casa,138.66,2
43836a7f-b287-4d2c-a779-f36792921ece,Tênis de Corrida 975,esportes,358.77,116
b92fd917-0843-40e3-b235-838a14e32429,Notebook 175,eletrônicos,6891.23,47
533a01a6-d8d8-46eb-9196-40d9a1f412f7,Sofá 130,casa,2856.01,60
a3212bf9-fe8a-4811-9615-8d09f4ef2fe9,Smart TV 999,eletrônicos,2840.03,3
2f356f24-3970-4073-bde2-f653369166d4,Notebook 995,eletrônicos,6307.08,140
1687a1a6-b1d9-49af-b098-2ae0b82771de,Infantil 485,livros,42.42,27
493946d0-40be-4037-aec4-51294ecf87b3,Livro Técnico 788,livros,100.53,73
72aa7578-f9b7-4817-97b2-a01560840bc7,Lâmpada 141,casa,58.1,149
e3a2329f-4bed-4b4d-830a-d9950883ea00,Fone Bluetooth 162,eletrônicos,568.53,137
d940a582-f0e6-4d07-b067-37f2aabb2c39,Notebook 201,eletrônicos,5164.87,122
582d7f26-ce23-4658-873e-a8c7102e4a02,Romance 383,livros,41.2,57
d70a61fb-bd9a-4b1e-88cb-eb93231ecc0d,Jaqueta 445,moda,267.03,30
61ec1754-dc6c-45f1-899f-f2cc4afb53ac,Calça Jeans 489,moda,117.05,7
27cf1bda-a04d-496e-a1d5-9a8ee2bb9f69,Jaqueta 249,moda,290.88,99
ccf38e8a-c521-41e7-a2c6-2e5830cb5b3b,Jaqueta 700,moda,289.37,113
27be0848-3dbd-4ff5-a42a-230f3c376b6e,Bicicleta 484,esportes,1448.86,100
10f2793f-f273-4545-a883-c8f2da6e3267,Skate 241,esportes,283.61,123
4465edae-75ab-4e9d-abfb-9fb19d52e9f1,Romance 300,livros,,69
da2821f7-a826-4d3b-9287-0fea2fe5766b,Panela 921,casa,82.86,70
f4d170d7-73b2-400d-91ea-a4d3f19b8921,Caixa de Som 859,eletrônicos,496.71,7
4abfbc0c-eba7-479a-9572-bc606bb77a9f,Panela 837,casa,267.91,48
c14d3451-b42a-4e26-b7cb-11af3b7a78ea,Tênis de Corrida 579,esportes,590.53,63
06e60db1-ab21-4a23-a347-5ae575082d59,Infantil 524,livros,44.61,136
2ffbcc3f-ecc3-4c80-b6dd-ba0b8d75ab32,Tênis de Corrida 127,esportes,550.7,53
92e27e95-e94a-4070-935f-11795af3b5cc,Romance 198,livros,25.0,67
bff04fa8-2e0e-4cf5-b14d-7eb7fd47c642,Mochila 297,esportes,270.54,147
b7c7258c-9480-4d67-8595-3f22c9792862,Tênis de Corrida 237,esportes,516.54,1
fa9fb90f-b528-4009-b114-2955324c959a,Liquidificador 296,casa,210.06,136
54019e22-3148-41d3-8782-629e4ca5786b,Notebook 304,eletrônicos,4527.46,97
9c86d3b9-883f-4735-8f24-cf7228fc72de,Bicicleta 653,esportes,1784.06,95
38ad4fa6-58e5-46d0-89b2-1956517be3ec,Livro Técnico 733,livros,101.38,108
497d7a47-dc60-4944-96e1-ab2f2d4ffa84,Romance 299,livros,61.25,29
1352b045-90df-46fa-aff6-2517a58f3340,Notebook 590,eletrônicos,3438.86,86
90e99a8d-78c6-4ad9-b86c-14f67f5d5b3a,Sofá 960,casa,1819.97,33
1f908674-2f75-4e7b-80a3-49f9eb0315d9,Panela 695,casa,289.32,3
f7e08bc7-3de5-42f7-9275-056f52ff2c75,Tênis 407,moda,245.93,19
8dcf9afb-905f-49e3-b794-67cd84829cd6,História 608,livros,74.13,81
242e3c9b-721b-4925-ba71-9b83c6590d6d,Lâmpada 700,casa,35.08,2
c432aa04-8a13-44ba-b5c1-3689ef8c9eac,Bicicleta 504,esportes,2274.25,144
bf7b2153-2729-4cee-a356-8d6763242f13,Cadeira 805,casa,457.68,48
9d8e3eff-5be0-4e2d-9f3a-f50e55f55a34,Lâmpada 741,casa,56.1,83
270eea4b-cf47-48b8-8baa-783cd132c882,Cadeira 964,casa,594.84,73
2ba1387b-a343-4d9b-8a85-cd55cdc468df,Notebook 358,eletrônicos,-4505.07,109
9b944836-b749-48f0-91b3-04a82afcabef,Romance 129,livros,-43.21,77
cb3374ad-f933-4ddb-8bb2-33dec5d3c60a,Autoajuda 383,livros,43.47,136
dab7afa0-cd79-44a5-8112-5f04234eb48e,Cadeira 698,casa,315.51,37
915bbfdb-8731-49b7-b077-e3a09f797c96,Liquidificador 315,casa,331.71,62
e79461fc-1a8c-4db4-9aaf-1bb862ec8012,Tênis 399,moda,209.59,70
77b60bdc-262b-47a6-9847-465edfedf2b6,Cadeira 957,casa,428.9,0
ef9e500e-a8a0-41fb-9482-9b4d8135bf9f,Autoajuda 630,livros,58.22,50
6cd57213-bd22-4de9-a711-02dce97be278,Calça Jeans 720,moda,,53
55049965-19b6-4dbe-9255-5cc2677003a5,Smart TV 608,eletrônicos,4979.28,88
6e32b5e6-d2e3-4e2e-919c-80ef2c7b3c3b,Lâmpada 930,casa,65.95,45
4b2adfd9-146a-4323-a904-58f9e88c394c,Fone Bluetooth 204,eletrônicos,667.82,32
2ade9071-7f88-475e-be77-f25ffa2399b9,Bola 703,esportes,71.05,99
3360dcb4-7750-414c-a038-20a4505d42fc,Tênis 746,moda,431.55,85
8d586898-76e6-408e-b87c-ff0eae3f8ebb,Bola 988,esportes,108.74,8
6c0b4446-0ff1-4127-8f95-49954c6a3f15,Skate 334,esportes,751.84,3
39d21d00-40b7-4b4c-9a7b-4050a1974327,Caixa de Som 558,eletrônicos,732.9,13
8f220375-9cfd-4c46-8678-b14d3c67d983,Bicicleta 659,esportes,1698.27,58
3727dfdb-f23a-47e3-a5df-830ff6a56c08,Bicicleta 665,esportes,2079.18,78
466c0a12-4fb4-4249-bf57-e558fad9c59c,Skate 913,esportes,760.32,148
d9e3e255-e3e8-4c9c-a205-52c9217aace5,Bicicleta 273,esportes,1012.91,18
b11c6f6f-79b8-42bb-bbfc-f87ae734f99e,Fone Bluetooth 152,eletrônicos,553.63,55
9db0ea68-257f-49f6-9d92-f263cebf81f3,Infantil 731,livros,24.92,31
a95562bb-1190-4fcc-957b-31c74f406307,Tênis de Corrida 880,esportes,444.6,139
a40c335b-9cc4-4666-ba3a-d131395e9d21,Cadeira 419,casa,196.22,69
a3b63c0b-ca64-44d0-9f63-f112fc6a3837,Cadeira 184,casa,262.38,24
5e200778-f0d4-44e6-b80f-fa9fdaf45a4b,Smart TV 383,eletrônicos,2813.78,143
bc86427d-5606-48f3-9dbb-5833c014c8f0,Livro Técnico 981,livros,77.23,27
1ebca18a-8e36-4273-844c-9df7ab41c080,Boné 348,moda,54.47,37
12141e61-c2d2-441e-8fcc-391284a00c36,Bola 465,esportes,,140
d8d070b0-9a53-4ea3-a4ee-c7a7aa838549,Mochila 954,esportes,186.36,41
82f497b2-5409-4973-a6bd-8e21ebf21db7,Liquidificador 366,casa,297.17,121
da187958-2b12-4e25-b40a-b0429c139d2e,Tênis de Corrida 507,esportes,343.21,37
6fc4a7be-286b-4c45-804d-02877c9bcd34,Infantil 694,livros,21.02,12
b2a35996-7b65-45d0-956a-d204c6e0e638,Liquidificador 526,casa,399.82,137
d89e2dd8-8c73-41c5-b7b0-4cfd9807fcaf,Tênis 382,moda,-299.67,114
21281fe0-dae5-4470-b167-bccd6d6b752b,Lâmpada 747,casa,-22.39,41
fa62b954-e174-4112-8169-9ebad767a1b1,Fone Bluetooth 424,eletrônicos,393.3,33
b0a0dd5c-56ed-42f5-8626-671baa6b14ec,Romance 745,livros,74.19,129
55a40dc0-1fe1-4b2a-9639-1cc4535a349c,Panela 766,casa,,88
c7defc39-3518-43d5-a2dd-b1f2aae40885,Romance 496,livros,40.61,6
5c70a5c5-495b-4de0-b6a5-87b064daa68a,Liquidificador 652,casa,186.8,126
69db6d4b-dcdd-458d-8e12-4a83f9cc2e3f,Camiseta 249,moda,68.05,40
1e6d1f65-d0a0-4142-ba6e-c7b0afc280df,Smart TV 292,eletrônicos,4400.54,25
7e02b079-6d3a-4b68-8d47-ce3e35743541,Mochila 615,esportes,279.55,91
b7791790-fdde-401e-8eee-33f5b8e20926,Smartphone 439,eletrônicos,2670.89,115
c5a132bb-1dcb-495c-a480-7da803835eb1,Cadeira 736,casa,592.51,93
5e4e1b4a-4085-48ff-8644-33eb1e5507e9,Cadeira 448,casa,185.85,103
7a13432d-3e64-4981-beb3-d1de85f85be8,Notebook 617,eletrônicos,4039.49,22
186d14b9-f0f8-4e00-b5b1-334a3f796842,Liquidificador 460,casa,207.57,40
d5c1277f-c9ba-4a46-83c8-1c06c693b768,Caixa de Som 778,eletrônicos,,29
e62f2756-2337-4bce-871e-8b7c3e59d7b6,Smart TV 576,eletrônicos,1433.35,101
150d4ef1-eacc-4f28-99c1-e50ff318a582,Cadeira 854,casa,582.58,86
02c3d7b5-ab25-4c78-a611-7e7752236338,Panela 531,casa,130.76,120
041c48c8-e7d0-41b0-bdf4-bbf0b6ee68a5,Infantil 124,livros,34.68,111
2e5ff522-5e20-4735-ac87-f6a3de737f8b,Livro Técnico 560,livros,134.69,39
c648937f-cd26-4266-a432-7ea0c94adada,Smart TV 478,eletrônicos,2730.97,98
c92897bd-703b-4dd8-aa65-ab303c4353a0,Tênis de Corrida 740,esportes,,8
8eea0b80-96b7-4188-a41a-c19437a86387,Smart TV 555,eletrônicos,3359.42,56
fc2604f5-1f73-41d8-a5ec-1a6e5acce66c,Notebook 835,eletrônicos,4851.98,113
afc4119f-86c5-4bc9-be80-005d84b42c1f,Cadeira 800,casa,542.28,76
2305af7b-8a53-4b37-9870-310e5f15cea1,Boné 445,moda,70.53,112
ca3d4ac9-76a8-4392-b11c-319b381328b3,Livro Técnico 925,livros,,88
686af156-79f9-48f5-b6d2-8eafc7601c84,Jaqueta 931,moda,276.36,73
257a7605-b212-47b5-a0a0-be250504ab73,Panela 151,casa,177.58,73
036af939-f158-4d58-a177-fc08aefa26a4,Notebook 931,eletrônicos,5991.08,30
681033d5-59ee-42dc-80fa-b70af702cf7b,Calça Jeans 131,moda,,33
11139edb-5f7a-426d-a64f-532d021f6869,Autoajuda 566,livros,94.4,13
29c71aab-c6c0-4919-9abe-42eb854aec6a,Skate 987,esportes,,21
7a22a1c0-e5b3-493d-ae15-38fe1498afbe,Smartphone 349,eletrônicos,3199.44,12
06a1cbea-a474-4bd9-ab0d-ee4236170276,Notebook 628,eletrônicos,5579.87,10
c730b2dd-fcc7-4cc2-bfaa-019048a6a7f4,Mochila 981,esportes,274.81,55
f0b40940-dc72-42b8-9c6d-23a27f896ba6,Livro Técnico 749,livros,87.74,33
df445819-141e-42b5-a128-20a9f9bced80,Panela 145,casa,211.49,136
9d50e1c7-ac2a-4235-aa71-06cd876d4bc9,Bicicleta 576,esportes,1572.63,23
0bb9c0ca-2ab4-4f8c-b093-c1bc498df1b0,Tênis de Corrida 522,esportes,300.65,22
db9c15d6-7366-4ae1-94dc-22b14e23e1fd,Romance 882,livros,51.85,129
7f916728-5157-4d30-b21a-443e99d0a9e7,Boné 697,moda,30.56,98
4f574588-3eab-4046-8a38-fe9404f9bebd,Livro Técnico 646,livros,123.04,102
073b0f34-1b83-4256-a673-707541c1c351,Romance 621,livros,77.69,90
cc0bc5d0-e0b0-4b66-b90c-2c7c7d13f02f,Smartphone 858,eletrônicos,3653.52,37
476f2056-0fcb-43ee-8a4a-f1e1fd61109a,Smartphone 465,eletrônicos,1519.75,40
7363297c-d29d-4837-ae19-f24220658555,Caixa de Som 602,eletrônicos,827.97,136
f95f8638-dc19-4272-8477-6e8bd91c8447,Tênis de Corrida 902,esportes,450.05,21
a76a0ed0-2c19-47ad-b255-3b5571d81747,Tênis 526,moda,-242.4,48
b41f5abc-5ab5-449f-89aa-415f99ec99af,Tênis de Corrida 175,esportes,252.82,112
dc3ab742-3ec0-4b32-af51-5e3e627596cc,Camiseta 423,moda,89.37,74
38310480-ce40-47b8-a410-ae8ab5a4d52f,Jaqueta 121,moda,143.06,64
b4ddbdbb-2adb-49d9-a731-bd90071ff431,Sofá 501,casa,1938.03,143
c6bcfb38-d621-4b35-a956-0e658b0c7b55,Caixa de Som 837,eletrônicos,234.78,21
18fa9bb4-202b-4857-9b27-4d64d3a70e50,Skate 256,esportes,733.43,6
51d125cf-4a17-405e-acac-ab1c9abdf698,Caixa de Som 709,eletrônicos,884.99,89
84ba0dec-d445-4ee4-b29f-fa3f62fdd67e,Autoajuda 742,livros,65.69,80
5949d668-fba2-42a7-a520-7d1e0fa279b6,Smart TV 941,eletrônicos,2224.87,102
ffa4c408-1661-4553-87c5-0ff5337c846c,Autoajuda 889,livros,39.1,98
353fdd9c-f766-4e69-9468-7f1ebb87444a,Bola 857,esportes,104.64,6
b38868d5-a827-446e-ac67-454cd23f90a9,Jaqueta 910,moda,-166.55,28
79a6fc8f-5192-4a60-a3dc-1593b40397f9,Calça Jeans 803,moda,118.89,77
7bb7838d-2db8-4f40-b80c-6cd071f79c0b,Lâmpada 580,casa,56.77,58
86a4b4d0-df2f-4aaa-90f0-4c09ba99d7d5,Camiseta 815,moda,65.96,28
a8c1ee3b-0630-4490-9096-a9bfaf3d9f6c,Romance 311,livros,60.25,95
49d39d7c-880c-4fdb-8fcb-b9de7584f19e,Tênis de Corrida 533,esportes,595.82,119
f9a18964-ce92-47ca-ad97-1bd9df2ded42,Livro Técnico 374,livros,99.3,128
507c6d74-0547-4d82-a2ac-4cd1061a4e82,Bicicleta 448,esportes,1759.2,44
fbcef2a4-db65-45bd-bee4-793f241fe3e3,Panela 502,casa,155.4,8
181915f7-086e-4846-859f-75b88dc3526c,Jaqueta 551,moda,380.84,57
68f0b071-7160-433c-9cad-e351d4935530,Smart TV 220,eletrônicos,3257.48,108
3aae39dc-6eb5-4ab8-a753-6a34521f1a6d,Tênis de Corrida 984,esportes,206.04,150
5ceed570-f9a3-479a-9e9e-efa78c2aa10e,Boné 892,moda,46.72,78
48f5aeac-3780-4c45-a3de-9b6ff5481481,Tênis 439,moda,259.31,112
e1107798-89e8-4648-942c-a4d5d2c38e7f,Romance 487,livros,60.68,5
b996ad93-b670-467f-8110-dba1951fe1e2,Caixa de Som 875,eletrônicos,613.21,44
f45b2fc0-72b5-43f7-badb-a7b44ba0ebc0,Lâmpada 247,casa,40.96,87
7febe94d-ddec-4c02-9e82-8e6b02e0f1a0,Sofá 791,casa,1657.24,125
882479d0-2464-477a-9d51-7be451047a1c,Fone Bluetooth 682,eletrônicos,404.95,22
666e68ba-f405-4c21-9dd2-5982181eb989,Bicicleta 772,esportes,1278.64,128
1f27705f-e11a-41a7-aa29-0873a73e6be4,Autoajuda 754,livros,81.25,133
4e4c817b-1945-4ad9-b4d8-f6a6f850a424,Lâmpada 303,casa,66.51,12
f824c988-da7e-4aa3-bc6b-d027583cb958,Autoajuda 360,livros,88.31,38
b92c7df2-d6e5-4682-8bca-723e126c8c67,Notebook 334,eletrônicos,,91
c85f47aa-82d7-419e-b412-e3d16be25894,Bicicleta 914,esportes,1061.21,112
edf82cdf-6c49-4e4c-aa80-2f42e748555d,Notebook 844,eletrônicos,3306.0,109
439e6658-600d-4f41-b3ba-4c774fa80736,Camiseta 808,moda,42.23,4
fe748b99-429b-4a0b-adc7-6f10a414a239,História 569,livros,48.52,51
762df7ea-976c-4d99-afbb-ea27e6709524,Boné 759,moda,67.0,42
870a3b51-fd8a-441f-8ad1-f904570773d6,História 788,livros,60.44,90
8dc9edb2-8f2c-4e67-90dc-d056305c7cbc,Tênis de Corrida 469,esportes,591.18,7
8bf69d96-4fc3-4042-9bde-a5e5a225f1c7,Panela 365,casa,117.44,16
6568bcf6-2e71-4f20-ad2b-f499c4491e50,Livro Técnico 178,livros,153.38,53
6a33ed67-d1e5-471d-b60b-66ce38e9cba3,Lâmpada 992,casa,16.81,32
794bf9e2-09a2-4ba6-8e34-4c6bd2aae36f,Infantil 418,livros,23.91,66
9b93e12a-71eb-4c0e-91d7-b2f79d7f127e,Smartphone 740,eletrônicos,2280.86,147
ebcc4f4a-3e86-48a3-9999-0f81a4610d28,Camiseta 710,moda,89.85,14
048638a4-1070-4e18-99a5-4588d5d31267,Infantil 332,livros,36.81,9
3608221e-05a6-445b-ab27-e72bbe2f108f,Liquidificador 579,casa,119.7,54
9440c088-3758-451a-b7f2-2cf88738c63a,Mochila 361,esportes,105.15,37
d0cd2c3b-dd09-4324-83a0-cc9625e4a2f6,Notebook 752,eletrônicos,4383.99,9
4a7e82e1-981a-4e80-973a-378eab4cfefb,Bola 355,esportes,150.17,143
9f736cb7-6213-4f38-85ce-792fca1da5fc,Panela 934,casa,74.09,4
bf6fde6f-f025-4bfe-ba1a-2c908c979b22,Notebook 996,eletrônicos,4500.07,67
0abdf22d-01ea-4b5f-8f55-3148441ca945,Autoajuda 150,livros,33.43,96
e1f65e94-d893-478d-b5ff-204feae64fee,História 260,livros,110.25,92
d9b6e26c-fa14-4c1c-9f71-c9b61bd8a76f,Lâmpada 817,casa,67.98,73
28b63cc0-ef43-48d2-babf-80d74362383a,Infantil 842,livros,27.74,114
1af72b61-e860-45fb-aef6-c5f47f059320,Tênis 277,moda,487.92,124
206f33da-514b-4b72-80d8-0b38d905ce6e,Calça Jeans 760,moda,183.39,97
5a6c2b40-e124-4f8a-b9b7-e2094f055003,Liquidificador 181,casa,283.71,140
33515d43-907b-4110-b430-22486a9d66e9,Skate 816,esportes,486.96,29
addceaf3-5a7b-438a-9a2d-b2bf581bdb97,Smartphone 137,eletrônicos,4035.01,121
6b636050-40c6-430b-bdf4-925f0e50c071,Liquidificador 488,casa,131.02,9
6fffab75-06af-44fb-a7ba-5b3b7bcbf518,Smart TV 999,eletrônicos,3000.16,9
d9d504d5-9c73-42c6-ad4d-51ad61f9aa7c,Lâmpada 303,casa,29.15,58
4d4bfae7-ef7e-499a-91ed-92e2617d6618,Calça Jeans 498,moda,104.06,107
b7ca2be1-a231-4fad-9521-0a3f5c0d52e4,Livro Técnico 232,livros,92.32,28
af4ab477-f932-41de-9fcb-63f9e5e6462d,Tênis de Corrida 665,esportes,404.62,108
e46a10d1-08a1-48ff-885a-4e42d2d1eddd,Smart TV 803,eletrônicos,2440.89,49
44d76392-946d-43bd-9403-4693b0d12553,Liquidificador 335,casa,111.71,0
29ec4657-b957-4994-a2a9-1ba24da6bd7e,Romance 277,livros,36.85,140
fb162501-451d-4126-9de6-b9f780cabc58,Bicicleta 390,esportes,1480.38,17
a3b29047-821d-4da7-babe-304c3373b14f,Romance 805,livros,38.38,1
c2ca66e4-9824-465a-bd8b-9149c75784f2,Cadeira 303,casa,449.98,3
5634340d-e6a5-4aef-b160-b23b671aad59,Lâmpada 828,casa,57.84,131
a157886e-70f9-4935-9745-e5ddda789c11,Livro Técnico 248,livros,177.52,4
bb84bf8e-b87a-437a-9f6f-e0a69807a6b5,Panela 533,casa,84.88,22
78324cc2-1584-481e-aec7-b7f51c960319,Skate 965,esportes,744.07,35
2a811760-b6b5-4f55-bfe8-a6f44f8407eb,Fone Bluetooth 275,eletrônicos,-463.53,146
015211d1-404b-4604-9332-5620971a227a,Tênis 192,moda,327.05,82
8b5ecc8d-e2f7-42da-80bf-52fbe5bd0f6e,Tênis 518,moda,567.58,120
9b63551b-1737-4f7d-a49b-311c5c3165b4,Sofá 931,casa,2314.78,39
6564cf33-1f2f-4a43-80ef-e68cab9d2e35,Camiseta 803,moda,81.89,101
18913a40-b26f-496e-9eaa-49db51645b82,Romance 487,livros,54.44,42
7c2fe7fb-ee3b-4142-b44d-a77ad25aafdf,Livro Técnico 389,livros,91.33,19
f3ab8755-b93e-461d-a78a-f15e84a38e78,Notebook 680,eletrônicos,2247.06,24
b0db98b3-ebd4-49d1-adf3-ade5e241fe9f,Tênis 521,moda,236.19,34
9515c122-f448-4300-a0d3-eb79aa7c6dc2,Fone Bluetooth 146,eletrônicos,,37
8cadd55a-1385-4b0c-bdb4-8540a034c4c3,Jaqueta 938,moda,278.19,89
7a63a1cc-804d-47d2-8a89-17c2e54493f4,Sofá 108,casa,,128
39a44672-4765-4535-925e-6cf8efcf567d,Calça Jeans 877,moda,115.4,83
3cc7382d-1261-4272-a31d-60a7aa1ede08,Infantil 431,livros,32.25,106
f0b1e536-5c95-427d-a7ed-a0d5303e2808,Fone Bluetooth 341,eletrônicos,,18
e9e7ed3d-bd9e-4783-8f7d-267f48f941b9,Panela 759,casa,176.89,20
8cd1264d-624b-468e-b9de-51cbac6e247b,Tênis 932,moda,559.19,86
a1492f00-9c51-4c3a-9d65-c12d0f08b2e3,Autoajuda 462,livros,86.53,92
b5b0f58e-b7d0-4196-99c1-e5ba73a74589,Jaqueta 407,moda,329.52,101
057d4c9e-f4f9-4144-9557-9eb6350425e5,Infantil 632,livros,26.5,119
016588c5-3455-47cb-977d-723d48dead82,Smartphone 216,eletrônicos,2226.44,83
2eea2540-7a02-4de0-87c6-5c9ac48a195b,Infantil 984,livros,50.79,11
b7ca2be1-a231-4fad-9521-0a3f5c0d52e4,Livro Técnico 232,livros,92.32,28
b3df5367-5fb4-4ca7-93dd-404862222a5d,Smartphone 137,eletrônicos,2047.27,103
7e670bcd-7b0a-485b-bce4-02475ec7c608,Tênis 851,moda,272.85,1
0536feec-d5fe-4fa7-89da-16ecce058afa,Cadeira 156,casa,167.67,40
11b0cfe3-ab1e-4a12-9774-690331864184,Camiseta 398,moda,59.19,119
c0ed5eef-be10-4905-a222-0092be541d22,Notebook 486,eletrônicos,4519.06,67
e453369e-4d97-4ef2-b1d0-a95dfe654bc3,Liquidificador 950,casa,321.85,8
e52771e4-d79b-43e8-8351-e3eff6a7eca8,Caixa de Som 177,eletrônicos,827.35,57
e3901744-4155-48e2-91bb-014e8c478c68,Liquidificador 663,casa,355.59,43
1f3d81e9-5f00-48fb-baa5-dd59eca5df0a,Romance 221,livros,74.65,17
2d1f97d8-607b-4389-af28-610d11059ab7,Panela 887,casa,273.61,22
4abfbc0c-eba7-479a-9572-bc606bb77a9f,Panela 837,casa,267.91,48
5aa495c6-c690-48bf-bda7-23fc5fec0ef8,Boné 262,moda,36.36,99
ce1e0739-da09-436d-bd3a-5458496ddc67,Jaqueta 582,moda,195.49,79
6709a057-d729-4222-863e-099209f5243c,Skate 945,esportes,687.67,44
d1d16425-00c2-4923-ac97-108e5aa64aff,Livro Técnico 638,livros,154.62,95
78acc94e-9015-46d3-aaaf-3f312f8eef1b,Caixa de Som 560,eletrônicos,339.47,15
919bcf28-6b6a-4622-b160-3ccb99c278d2,Panela 281,casa,96.27,80
ba48a978-4df5-4cc2-8442-512dd4619ada,Infantil 437,livros,25.73,44
90b79d31-11df-4cdc-b171-2799075aecbc,Infantil 757,livros,42.12,43
8da30cfc-8e35-40ad-84b5-7038c74634ec,Lâmpada 142,casa,37.27,61
fb575f46-5fcf-4867-b488-119c8e169893,Lâmpada 586,casa,27.3,96
8e36d469-2436-4cd9-8d2a-b069edecca05,Calça Jeans 517,moda,148.59,128
9847db5f-b63c-4026-ae2c-d59426c08baf,Sofá 100,casa,1136.67,95
9dd90dd1-23c4-4224-ad79-683caa7cc100,Boné 803,moda,77.5,76
4cf3f4c3-c98b-4f1b-99d1-789f58369b50,Camiseta 926,moda,118.69,107
8bf69d96-4fc3-4042-9bde-a5e5a225f1c7,Panela 365,casa,117.44,16
b11c6f6f-79b8-42bb-bbfc-f87ae734f99e,Fone Bluetooth 152,eletrônicos,553.63,55
7ca3e7ac-8cd5-4c8b-835d-629090afd8d6,Calça Jeans 273,moda,152.8,124
e8574647-9708-4229-9663-40fa9c5145c7,Tênis de Corrida 450,esportes,404.38,45
80f3eb29-b1ac-4da4-8c33-e7fee3cb5cec,Panela 415,casa,216.78,147
a418b66c-c2e6-46bd-86e8-075e1d0f1758,Smartphone 881,eletrônicos,1568.85,30
808f0fc2-36d1-4192-97c6-a47c8b78be0d,Caixa de Som 608,eletrônicos,726.61,62
0af3d750-4abb-44f7-8a0e-a2602eada9d2,História 637,livros,73.81,11
dbdf6678-578c-488d-9f34-320180bea469,Infantil 425,livros,47.17,113
8f87c904-c7e2-4f16-bb9f-99017b409c1a,Calça Jeans 118,moda,114.01,133
e3e9d706-43e9-455c-9256-1fceebfd4a0a,Fone Bluetooth 298,eletrônicos,769.71,113
739a01cd-170c-40a9-8a15-c377bb2a1086,Mochila 585,esportes,232.6,5
5185408d-baa7-4023-9871-50913a4ae65a,Mochila 626,esportes,165.11,49
0e8fd50e-1c54-4ea9-aae0-89a818355549,Caixa de Som 620,eletrônicos,483.49,70
3c3e21c2-3a23-48b5-8cd6-e90a5752de72,Sofá 927,casa,1147.71,140
